home_team,away_team,home_goals,away_goals,result,season
Lyon,Schalke 04,1,0,H,2010
Barcelona,Panathinaikos,5,1,H,2010
FC Copenhagen,Rubin Kazan,1,0,H,2010
Lyon,Schalke 04,1,0,H,2010
Benfica,Hapoel Tel Aviv,2,0,H,2010
Bursaspor,Valencia,0,4,A,2010
Manchester Utd,Rangers,0,0,D,2010
Werder Bremen,Tottenham,2,2,D,2010
Twente,Inter,2,2,D,2010
Bursaspor,Valencia,0,4,A,2010
Werder Bremen,Tottenham,2,2,D,2010
Twente,Inter,2,2,D,2010
Barcelona,Panathinaikos,5,1,H,2010
FC Copenhagen,Rubin Kazan,1,0,H,2010
Benfica,Hapoel Tel Aviv,2,0,H,2010
Manchester Utd,Rangers,0,0,D,2010
Arsenal,Braga,6,0,H,2010
Real Madrid,Ajax,2,0,H,2010
Shakhtar,Partizan,1,0,H,2010
MÅ K Å½ilina,Chelsea,1,4,A,2010
Marseille,Spartak Moscow,0,1,A,2010
Bayern Munich,Roma,2,0,H,2010
Milan,Auxerre,2,0,H,2010
Real Madrid,Ajax,2,0,H,2010
Arsenal,Braga,6,0,H,2010
Milan,Auxerre,2,0,H,2010
Bayern Munich,Roma,2,0,H,2010
Marseille,Spartak Moscow,0,1,A,2010
MÅ K Å½ilina,Chelsea,1,4,A,2010
Shakhtar,Partizan,1,0,H,2010
CFR Cluj,Basel,2,1,H,2010
CFR Cluj,Basel,2,1,H,2010
Auxerre,Real Madrid,0,1,A,2010
Partizan,Arsenal,1,3,A,2010
Spartak Moscow,MÅ K Å½ilina,3,0,H,2010
Ajax,Milan,1,1,D,2010
Braga,Shakhtar,0,3,A,2010
Roma,CFR Cluj,2,1,H,2010
Chelsea,Marseille,2,0,H,2010
Basel,Bayern Munich,1,2,A,2010
Basel,Bayern Munich,1,2,A,2010
Braga,Shakhtar,0,3,A,2010
Ajax,Milan,1,1,D,2010
Spartak Moscow,MÅ K Å½ilina,3,0,H,2010
Auxerre,Real Madrid,0,1,A,2010
Partizan,Arsenal,1,3,A,2010
Roma,CFR Cluj,2,1,H,2010
Chelsea,Marseille,2,0,H,2010
Valencia,Manchester Utd,0,1,A,2010
Schalke 04,Benfica,2,0,H,2010
Inter,Werder Bremen,4,0,H,2010
Tottenham,Twente,4,1,H,2010
Rubin Kazan,Barcelona,1,1,D,2010
Valencia,Manchester Utd,0,1,A,2010
Hapoel Tel Aviv,Lyon,1,3,A,2010
Hapoel Tel Aviv,Lyon,1,3,A,2010
Rubin Kazan,Barcelona,1,1,D,2010
Rangers,Bursaspor,1,0,H,2010
Panathinaikos,FC Copenhagen,0,2,A,2010
Tottenham,Twente,4,1,H,2010
Inter,Werder Bremen,4,0,H,2010
Panathinaikos,FC Copenhagen,0,2,A,2010
Rangers,Bursaspor,1,0,H,2010
Schalke 04,Benfica,2,0,H,2010
Marseille,MÅ K Å½ilina,1,0,H,2010
Ajax,Auxerre,2,1,H,2010
Braga,Partizan,2,0,H,2010
Spartak Moscow,Chelsea,0,2,A,2010
Real Madrid,Milan,2,0,H,2010
Bayern Munich,CFR Cluj,3,2,H,2010
Arsenal,Shakhtar,5,1,H,2010
Roma,Basel,1,3,A,2010
Bayern Munich,CFR Cluj,3,2,H,2010
Ajax,Auxerre,2,1,H,2010
Braga,Partizan,2,0,H,2010
Spartak Moscow,Chelsea,0,2,A,2010
Real Madrid,Milan,2,0,H,2010
Marseille,MÅ K Å½ilina,1,0,H,2010
Arsenal,Shakhtar,5,1,H,2010
Roma,Basel,1,3,A,2010
Inter,Tottenham,4,3,H,2010
Barcelona,FC Copenhagen,2,0,H,2010
Lyon,Benfica,2,0,H,2010
Schalke 04,Hapoel Tel Aviv,3,1,H,2010
Manchester Utd,Bursaspor,1,0,H,2010
Rangers,Valencia,1,1,D,2010
Twente,Werder Bremen,1,1,D,2010
Rangers,Valencia,1,1,D,2010
Twente,Werder Bremen,1,1,D,2010
Panathinaikos,Rubin Kazan,0,0,D,2010
Manchester Utd,Bursaspor,1,0,H,2010
Inter,Tottenham,4,3,H,2010
Schalke 04,Hapoel Tel Aviv,3,1,H,2010
Lyon,Benfica,2,0,H,2010
Barcelona,FC Copenhagen,2,0,H,2010
Panathinaikos,Rubin Kazan,0,0,D,2010
Tottenham,Inter,3,1,H,2010
Rubin Kazan,Panathinaikos,0,0,D,2010
Hapoel Tel Aviv,Schalke 04,0,0,D,2010
Valencia,Rangers,3,0,H,2010
Benfica,Lyon,4,3,H,2010
FC Copenhagen,Barcelona,1,1,D,2010
Werder Bremen,Twente,0,2,A,2010
Benfica,Lyon,4,3,H,2010
Tottenham,Inter,3,1,H,2010
Valencia,Rangers,3,0,H,2010
Hapoel Tel Aviv,Schalke 04,0,0,D,2010
FC Copenhagen,Barcelona,1,1,D,2010
Werder Bremen,Twente,0,2,A,2010
Rubin Kazan,Panathinaikos,0,0,D,2010
Chelsea,Spartak Moscow,4,1,H,2010
Shakhtar,Arsenal,2,1,H,2010
Milan,Real Madrid,2,2,D,2010
Auxerre,Ajax,2,1,H,2010
MÅ K Å½ilina,Marseille,0,7,A,2010
Partizan,Braga,0,1,A,2010
Basel,Roma,2,3,A,2010
Basel,Roma,2,3,A,2010
MÅ K Å½ilina,Marseille,0,7,A,2010
Chelsea,Spartak Moscow,4,1,H,2010
Shakhtar,Arsenal,2,1,H,2010
CFR Cluj,Bayern Munich,0,4,A,2010
Milan,Real Madrid,2,2,D,2010
Partizan,Braga,0,1,A,2010
Auxerre,Ajax,2,1,H,2010
CFR Cluj,Bayern Munich,0,4,A,2010
Ajax,Real Madrid,0,4,A,2010
Auxerre,Milan,0,2,A,2010
Roma,Bayern Munich,3,2,H,2010
Chelsea,MÅ K Å½ilina,2,1,H,2010
Partizan,Shakhtar,0,3,A,2010
Spartak Moscow,Marseille,0,3,A,2010
Basel,CFR Cluj,1,0,H,2010
Auxerre,Milan,0,2,A,2010
Braga,Arsenal,2,0,H,2010
Roma,Bayern Munich,3,2,H,2010
Chelsea,MÅ K Å½ilina,2,1,H,2010
Partizan,Shakhtar,0,3,A,2010
Spartak Moscow,Marseille,0,3,A,2010
Basel,CFR Cluj,1,0,H,2010
Braga,Arsenal,2,0,H,2010
Ajax,Real Madrid,0,4,A,2010
Inter,Twente,1,0,H,2010
Tottenham,Werder Bremen,3,0,H,2010
Rangers,Manchester Utd,0,1,A,2010
Rangers,Manchester Utd,0,1,A,2010
Rubin Kazan,FC Copenhagen,1,0,H,2010
Panathinaikos,Barcelona,0,3,A,2010
Panathinaikos,Barcelona,0,3,A,2010
Schalke 04,Lyon,3,0,H,2010
Hapoel Tel Aviv,Benfica,3,0,H,2010
Inter,Twente,1,0,H,2010
Tottenham,Werder Bremen,3,0,H,2010
Hapoel Tel Aviv,Benfica,3,0,H,2010
Schalke 04,Lyon,3,0,H,2010
Rubin Kazan,FC Copenhagen,1,0,H,2010
Bursaspor,Rangers,1,1,D,2010
Lyon,Hapoel Tel Aviv,2,2,D,2010
Twente,Tottenham,3,3,D,2010
Benfica,Schalke 04,1,2,A,2010
Barcelona,Rubin Kazan,2,0,H,2010
Werder Bremen,Inter,3,0,H,2010
FC Copenhagen,Panathinaikos,3,1,H,2010
Twente,Tottenham,3,3,D,2010
Manchester Utd,Valencia,1,1,D,2010
Benfica,Schalke 04,1,2,A,2010
Barcelona,Rubin Kazan,2,0,H,2010
Werder Bremen,Inter,3,0,H,2010
Bursaspor,Rangers,1,1,D,2010
Lyon,Hapoel Tel Aviv,2,2,D,2010
FC Copenhagen,Panathinaikos,3,1,H,2010
Manchester Utd,Valencia,1,1,D,2010
Milan,Ajax,0,2,A,2010
Arsenal,Partizan,3,1,H,2010
Bayern Munich,Basel,3,0,H,2010
Real Madrid,Auxerre,4,0,H,2010
Arsenal,Partizan,3,1,H,2010
CFR Cluj,Roma,1,1,D,2010
MÅ K Å½ilina,Spartak Moscow,1,2,A,2010
Marseille,Chelsea,1,0,H,2010
Shakhtar,Braga,2,0,H,2010
Milan,Ajax,0,2,A,2010
CFR Cluj,Roma,1,1,D,2010
MÅ K Å½ilina,Spartak Moscow,1,2,A,2010
Marseille,Chelsea,1,0,H,2010
Shakhtar,Braga,2,0,H,2010
Bayern Munich,Basel,3,0,H,2010
Real Madrid,Auxerre,4,0,H,2010
Valencia,Schalke 04,1,1,D,2010
Valencia,Schalke 04,1,1,D,2010
Roma,Shakhtar,2,3,A,2010
Roma,Shakhtar,2,3,A,2010
Arsenal,Barcelona,2,1,H,2010
Arsenal,Barcelona,2,1,H,2010
Lyon,Real Madrid,1,1,D,2010
FC Copenhagen,Chelsea,0,2,A,2010
Lyon,Real Madrid,1,1,D,2010
FC Copenhagen,Chelsea,0,2,A,2010
Marseille,Manchester Utd,0,0,D,2010
Inter,Bayern Munich,0,1,A,2010
Inter,Bayern Munich,0,1,A,2010
Marseille,Manchester Utd,0,0,D,2010
Shakhtar,Roma,3,0,H,2010
Barcelona,Arsenal,3,1,H,2010
Shakhtar,Roma,3,0,H,2010
Barcelona,Arsenal,3,1,H,2010
Tottenham,Milan,0,0,D,2010
Tottenham,Milan,0,0,D,2010
Schalke 04,Valencia,3,1,H,2010
Schalke 04,Valencia,3,1,H,2010
Manchester Utd,Marseille,2,1,H,2010
Bayern Munich,Inter,2,3,A,2010
Bayern Munich,Inter,2,3,A,2010
Manchester Utd,Marseille,2,1,H,2010
Chelsea,FC Copenhagen,0,0,D,2010
Chelsea,FC Copenhagen,0,0,D,2010
Real Madrid,Lyon,3,0,H,2010
Real Madrid,Lyon,3,0,H,2010
Inter,Schalke 04,2,5,A,2010
Inter,Schalke 04,2,5,A,2010
Real Madrid,Tottenham,4,0,H,2010
Real Madrid,Tottenham,4,0,H,2010
Chelsea,Manchester Utd,0,1,A,2010
Barcelona,Shakhtar,5,1,H,2010
Chelsea,Manchester Utd,0,1,A,2010
Barcelona,Shakhtar,5,1,H,2010
Shakhtar,Barcelona,0,1,A,2010
Shakhtar,Barcelona,0,1,A,2010
Manchester Utd,Chelsea,2,1,H,2010
Manchester Utd,Chelsea,2,1,H,2010
Schalke 04,Inter,2,1,H,2010
Tottenham,Real Madrid,0,1,A,2010
Tottenham,Real Madrid,0,1,A,2010
Schalke 04,Inter,2,1,H,2010
Schalke 04,Manchester Utd,0,2,A,2010
Schalke 04,Manchester Utd,0,2,A,2010
Real Madrid,Barcelona,0,2,A,2010
Real Madrid,Barcelona,0,2,A,2010
Barcelona,Real Madrid,1,1,D,2010
Barcelona,Real Madrid,1,1,D,2010
Manchester Utd,Schalke 04,4,1,H,2010
Manchester Utd,Schalke 04,4,1,H,2010
Barcelona,Manchester Utd,3,1,H,2010
Barcelona,Manchester Utd,3,1,H,2010
Porto,Shakhtar,2,1,H,2011
Olympiacos,Marseille,0,1,A,2011
Genk,Valencia,0,0,D,2011
Dortmund,Arsenal,1,1,D,2011
Viktoria PlzeÅ,BATE Borisov,1,1,D,2011
Chelsea,Leverkusen,2,0,H,2011
Barcelona,Milan,2,2,D,2011
Chelsea,Leverkusen,2,0,H,2011
APOEL FC,Zenit,2,1,H,2011
Dortmund,Arsenal,1,1,D,2011
Genk,Valencia,0,0,D,2011
Viktoria PlzeÅ,BATE Borisov,1,1,D,2011
Barcelona,Milan,2,2,D,2011
Olympiacos,Marseille,0,1,A,2011
Porto,Shakhtar,2,1,H,2011
APOEL FC,Zenit,2,1,H,2011
Dinamo Zagreb,Real Madrid,0,1,A,2011
Manchester City,Napoli,1,1,D,2011
Inter,Trabzonspor,0,1,A,2011
Basel,OÈelul GalaÈi,2,1,H,2011
Lille,CSKA Moscow,2,2,D,2011
Villarreal,Bayern Munich,0,2,A,2011
Benfica,Manchester Utd,1,1,D,2011
Benfica,Manchester Utd,1,1,D,2011
Dinamo Zagreb,Real Madrid,0,1,A,2011
Manchester City,Napoli,1,1,D,2011
Lille,CSKA Moscow,2,2,D,2011
Ajax,Lyon,0,0,D,2011
Basel,OÈelul GalaÈi,2,1,H,2011
Ajax,Lyon,0,0,D,2011
Villarreal,Bayern Munich,0,2,A,2011
Inter,Trabzonspor,0,1,A,2011
Real Madrid,Ajax,3,0,H,2011
CSKA Moscow,Inter,2,3,A,2011
Bayern Munich,Manchester City,2,0,H,2011
Lyon,Dinamo Zagreb,2,0,H,2011
Trabzonspor,Lille,1,1,D,2011
Napoli,Villarreal,2,0,H,2011
Manchester Utd,Basel,3,3,D,2011
Real Madrid,Ajax,3,0,H,2011
Lyon,Dinamo Zagreb,2,0,H,2011
Bayern Munich,Manchester City,2,0,H,2011
CSKA Moscow,Inter,2,3,A,2011
Manchester Utd,Basel,3,3,D,2011
OÈelul GalaÈi,Benfica,0,1,A,2011
Napoli,Villarreal,2,0,H,2011
Trabzonspor,Lille,1,1,D,2011
OÈelul GalaÈi,Benfica,0,1,A,2011
Valencia,Chelsea,1,1,D,2011
Leverkusen,Genk,2,0,H,2011
Zenit,Porto,3,1,H,2011
Shakhtar,APOEL FC,1,1,D,2011
Milan,Viktoria PlzeÅ,2,0,H,2011
Arsenal,Olympiacos,2,1,H,2011
Marseille,Dortmund,3,0,H,2011
BATE Borisov,Barcelona,0,5,A,2011
Valencia,Chelsea,1,1,D,2011
Milan,Viktoria PlzeÅ,2,0,H,2011
Marseille,Dortmund,3,0,H,2011
BATE Borisov,Barcelona,0,5,A,2011
Shakhtar,APOEL FC,1,1,D,2011
Zenit,Porto,3,1,H,2011
Leverkusen,Genk,2,0,H,2011
Arsenal,Olympiacos,2,1,H,2011
Napoli,Bayern Munich,1,1,D,2011
Manchester City,Villarreal,2,1,H,2011
Dinamo Zagreb,Ajax,0,2,A,2011
Napoli,Bayern Munich,1,1,D,2011
Basel,Benfica,0,2,A,2011
Lille,Inter,0,1,A,2011
Real Madrid,Lyon,4,0,H,2011
CSKA Moscow,Trabzonspor,3,0,H,2011
OÈelul GalaÈi,Manchester Utd,0,2,A,2011
Dinamo Zagreb,Ajax,0,2,A,2011
OÈelul GalaÈi,Manchester Utd,0,2,A,2011
Real Madrid,Lyon,4,0,H,2011
Lille,Inter,0,1,A,2011
Basel,Benfica,0,2,A,2011
Manchester City,Villarreal,2,1,H,2011
CSKA Moscow,Trabzonspor,3,0,H,2011
Barcelona,Viktoria PlzeÅ,2,0,H,2011
Porto,APOEL FC,1,1,D,2011
Leverkusen,Valencia,2,1,H,2011
Chelsea,Genk,5,0,H,2011
Milan,BATE Borisov,2,0,H,2011
Marseille,Arsenal,0,1,A,2011
Shakhtar,Zenit,2,2,D,2011
Shakhtar,Zenit,2,2,D,2011
Olympiacos,Dortmund,3,1,H,2011
Marseille,Arsenal,0,1,A,2011
Chelsea,Genk,5,0,H,2011
Milan,BATE Borisov,2,0,H,2011
Leverkusen,Valencia,2,1,H,2011
Porto,APOEL FC,1,1,D,2011
Olympiacos,Dortmund,3,1,H,2011
Barcelona,Viktoria PlzeÅ,2,0,H,2011
Zenit,Shakhtar,1,0,H,2011
Arsenal,Marseille,0,0,D,2011
Dortmund,Olympiacos,1,0,H,2011
Viktoria PlzeÅ,Barcelona,0,4,A,2011
APOEL FC,Porto,2,1,H,2011
Dortmund,Olympiacos,1,0,H,2011
BATE Borisov,Milan,1,1,D,2011
Viktoria PlzeÅ,Barcelona,0,4,A,2011
Arsenal,Marseille,0,0,D,2011
BATE Borisov,Milan,1,1,D,2011
Genk,Chelsea,1,1,D,2011
APOEL FC,Porto,2,1,H,2011
Zenit,Shakhtar,1,0,H,2011
Genk,Chelsea,1,1,D,2011
Ajax,Dinamo Zagreb,4,0,H,2011
Inter,Lille,2,1,H,2011
Benfica,Basel,1,1,D,2011
Villarreal,Manchester City,0,3,A,2011
Bayern Munich,Napoli,3,2,H,2011
Lyon,Real Madrid,0,2,A,2011
Manchester Utd,OÈelul GalaÈi,2,0,H,2011
Lyon,Real Madrid,0,2,A,2011
Manchester Utd,OÈelul GalaÈi,2,0,H,2011
Inter,Lille,2,1,H,2011
Bayern Munich,Napoli,3,2,H,2011
Trabzonspor,CSKA Moscow,0,0,D,2011
Villarreal,Manchester City,0,3,A,2011
Ajax,Dinamo Zagreb,4,0,H,2011
Trabzonspor,CSKA Moscow,0,0,D,2011
Benfica,Basel,1,1,D,2011
Manchester Utd,Benfica,2,2,D,2011
Bayern Munich,Villarreal,3,1,H,2011
Napoli,Manchester City,2,1,H,2011
Real Madrid,Dinamo Zagreb,6,2,H,2011
Trabzonspor,Inter,1,1,D,2011
Lyon,Ajax,0,0,D,2011
CSKA Moscow,Lille,0,2,A,2011
OÈelul GalaÈi,Basel,2,3,A,2011
Lyon,Ajax,0,0,D,2011
Napoli,Manchester City,2,1,H,2011
Bayern Munich,Villarreal,3,1,H,2011
Manchester Utd,Benfica,2,2,D,2011
Real Madrid,Dinamo Zagreb,6,2,H,2011
CSKA Moscow,Lille,0,2,A,2011
OÈelul GalaÈi,Basel,2,3,A,2011
Trabzonspor,Inter,1,1,D,2011
Marseille,Olympiacos,0,1,A,2011
Milan,Barcelona,2,3,A,2011
Arsenal,Dortmund,2,1,H,2011
Zenit,APOEL FC,0,0,D,2011
BATE Borisov,Viktoria PlzeÅ,0,1,A,2011
Arsenal,Dortmund,2,1,H,2011
BATE Borisov,Viktoria PlzeÅ,0,1,A,2011
Zenit,APOEL FC,0,0,D,2011
Valencia,Genk,7,0,H,2011
Valencia,Genk,7,0,H,2011
Shakhtar,Porto,0,2,A,2011
Shakhtar,Porto,0,2,A,2011
Marseille,Olympiacos,0,1,A,2011
Milan,Barcelona,2,3,A,2011
Olympiacos,Arsenal,3,1,H,2011
Genk,Leverkusen,1,1,D,2011
Chelsea,Valencia,3,0,H,2011
Barcelona,BATE Borisov,4,0,H,2011
Barcelona,BATE Borisov,4,0,H,2011
Viktoria PlzeÅ,Milan,2,2,D,2011
Dortmund,Marseille,2,3,A,2011
Porto,Zenit,0,0,D,2011
Dortmund,Marseille,2,3,A,2011
Olympiacos,Arsenal,3,1,H,2011
APOEL FC,Shakhtar,0,2,A,2011
APOEL FC,Shakhtar,0,2,A,2011
Genk,Leverkusen,1,1,D,2011
Chelsea,Valencia,3,0,H,2011
Porto,Zenit,0,0,D,2011
Viktoria PlzeÅ,Milan,2,2,D,2011
Lille,Trabzonspor,0,0,D,2011
Inter,CSKA Moscow,1,2,A,2011
Dinamo Zagreb,Lyon,1,7,A,2011
Ajax,Real Madrid,0,3,A,2011
Benfica,OÈelul GalaÈi,1,0,H,2011
Lille,Trabzonspor,0,0,D,2011
Ajax,Real Madrid,0,3,A,2011
Manchester City,Bayern Munich,2,0,H,2011
Basel,Manchester Utd,2,1,H,2011
Dinamo Zagreb,Lyon,1,7,A,2011
Benfica,OÈelul GalaÈi,1,0,H,2011
Basel,Manchester Utd,2,1,H,2011
Villarreal,Napoli,0,2,A,2011
Manchester City,Bayern Munich,2,0,H,2011
Villarreal,Napoli,0,2,A,2011
Inter,CSKA Moscow,1,2,A,2011
Leverkusen,Barcelona,1,3,A,2011
Leverkusen,Barcelona,1,3,A,2011
Milan,Arsenal,4,0,H,2011
Milan,Arsenal,4,0,H,2011
Zenit,Benfica,3,2,H,2011
Zenit,Benfica,3,2,H,2011
Napoli,Chelsea,3,1,H,2011
Napoli,Chelsea,3,1,H,2011
CSKA Moscow,Real Madrid,1,1,D,2011
CSKA Moscow,Real Madrid,1,1,D,2011
Marseille,Inter,1,0,H,2011
Marseille,Inter,1,0,H,2011
Basel,Bayern Munich,1,0,H,2011
Basel,Bayern Munich,1,0,H,2011
Benfica,Zenit,2,0,H,2011
Arsenal,Milan,3,0,H,2011
Arsenal,Milan,3,0,H,2011
Benfica,Zenit,2,0,H,2011
APOEL FC,Lyon,4,3,H,2011
Barcelona,Leverkusen,7,1,H,2011
Barcelona,Leverkusen,7,1,H,2011
APOEL FC,Lyon,4,3,H,2011
Inter,Marseille,2,1,H,2011
Bayern Munich,Basel,7,0,H,2011
Bayern Munich,Basel,7,0,H,2011
Inter,Marseille,2,1,H,2011
Real Madrid,CSKA Moscow,4,1,H,2011
Chelsea,Napoli,4,1,H,2011
Chelsea,Napoli,4,1,H,2011
Real Madrid,CSKA Moscow,4,1,H,2011
Benfica,Chelsea,0,1,A,2011
APOEL FC,Real Madrid,0,3,A,2011
Benfica,Chelsea,0,1,A,2011
APOEL FC,Real Madrid,0,3,A,2011
Marseille,Bayern Munich,0,2,A,2011
Milan,Barcelona,0,0,D,2011
Marseille,Bayern Munich,0,2,A,2011
Milan,Barcelona,0,0,D,2011
Bayern Munich,Marseille,2,0,H,2011
Barcelona,Milan,3,1,H,2011
Bayern Munich,Marseille,2,0,H,2011
Barcelona,Milan,3,1,H,2011
Real Madrid,APOEL FC,5,2,H,2011
Real Madrid,APOEL FC,5,2,H,2011
Chelsea,Benfica,2,1,H,2011
Chelsea,Benfica,2,1,H,2011
Bayern Munich,Real Madrid,2,1,H,2011
Bayern Munich,Real Madrid,2,1,H,2011
Chelsea,Barcelona,1,0,H,2011
Chelsea,Barcelona,1,0,H,2011
Barcelona,Chelsea,2,2,D,2011
Barcelona,Chelsea,2,2,D,2011
Real Madrid,Bayern Munich,1,3,A,2011
Real Madrid,Bayern Munich,1,3,A,2011
Bayern Munich,Chelsea,3,4,A,2011
Bayern Munich,Chelsea,3,4,A,2011
Milan,Anderlecht,0,0,D,2012
Dinamo Zagreb,Porto,0,2,A,2012
Montpellier,Arsenal,1,2,A,2012
Olympiacos,Schalke 04,1,2,A,2012
Real Madrid,Manchester City,3,2,H,2012
Paris S-G,Dynamo Kyiv,4,1,H,2012
Dortmund,Ajax,1,0,H,2012
Dortmund,Ajax,1,0,H,2012
Paris S-G,Dynamo Kyiv,4,1,H,2012
Real Madrid,Manchester City,3,2,H,2012
Olympiacos,Schalke 04,1,2,A,2012
Montpellier,Arsenal,1,2,A,2012
Dinamo Zagreb,Porto,0,2,A,2012
MÃ¡laga,Zenit,3,0,H,2012
MÃ¡laga,Zenit,3,0,H,2012
Milan,Anderlecht,0,0,D,2012
Barcelona,Spartak Moscow,3,2,H,2012
Shakhtar,NordsjÃ¦lland,2,0,H,2012
Bayern Munich,Valencia,2,1,H,2012
Braga,CFR Cluj,0,2,A,2012
Lille,BATE Borisov,1,3,A,2012
Manchester Utd,Galatasaray,1,0,H,2012
Chelsea,Juventus,2,2,D,2012
Celtic,Benfica,0,0,D,2012
Barcelona,Spartak Moscow,3,2,H,2012
Bayern Munich,Valencia,2,1,H,2012
Shakhtar,NordsjÃ¦lland,2,0,H,2012
Manchester Utd,Galatasaray,1,0,H,2012
Celtic,Benfica,0,0,D,2012
Chelsea,Juventus,2,2,D,2012
Lille,BATE Borisov,1,3,A,2012
Braga,CFR Cluj,0,2,A,2012
Valencia,Lille,2,0,H,2012
Juventus,Shakhtar,1,1,D,2012
Spartak Moscow,Celtic,2,3,A,2012
NordsjÃ¦lland,Chelsea,0,4,A,2012
Galatasaray,Braga,0,2,A,2012
BATE Borisov,Bayern Munich,3,1,H,2012
Spartak Moscow,Celtic,2,3,A,2012
BATE Borisov,Bayern Munich,3,1,H,2012
Galatasaray,Braga,0,2,A,2012
CFR Cluj,Manchester Utd,1,2,A,2012
NordsjÃ¦lland,Chelsea,0,4,A,2012
Juventus,Shakhtar,1,1,D,2012
Valencia,Lille,2,0,H,2012
Benfica,Barcelona,0,2,A,2012
CFR Cluj,Manchester Utd,1,2,A,2012
Benfica,Barcelona,0,2,A,2012
Anderlecht,MÃ¡laga,0,3,A,2012
Ajax,Real Madrid,1,4,A,2012
Anderlecht,MÃ¡laga,0,3,A,2012
Zenit,Milan,2,3,A,2012
Arsenal,Olympiacos,3,1,H,2012
Manchester City,Dortmund,1,1,D,2012
Schalke 04,Montpellier,2,2,D,2012
Porto,Paris S-G,1,0,H,2012
Dynamo Kyiv,Dinamo Zagreb,2,0,H,2012
Zenit,Milan,2,3,A,2012
Ajax,Real Madrid,1,4,A,2012
Dynamo Kyiv,Dinamo Zagreb,2,0,H,2012
Porto,Paris S-G,1,0,H,2012
Schalke 04,Montpellier,2,2,D,2012
Manchester City,Dortmund,1,1,D,2012
Arsenal,Olympiacos,3,1,H,2012
Barcelona,Celtic,2,1,H,2012
NordsjÃ¦lland,Juventus,1,1,D,2012
Shakhtar,Chelsea,2,1,H,2012
Spartak Moscow,Benfica,2,1,H,2012
BATE Borisov,Valencia,0,3,A,2012
Galatasaray,CFR Cluj,1,1,D,2012
Manchester Utd,Braga,3,2,H,2012
BATE Borisov,Valencia,0,3,A,2012
Lille,Bayern Munich,0,1,A,2012
Galatasaray,CFR Cluj,1,1,D,2012
Spartak Moscow,Benfica,2,1,H,2012
Lille,Bayern Munich,0,1,A,2012
NordsjÃ¦lland,Juventus,1,1,D,2012
Shakhtar,Chelsea,2,1,H,2012
Barcelona,Celtic,2,1,H,2012
Manchester Utd,Braga,3,2,H,2012
Montpellier,Olympiacos,1,2,A,2012
Arsenal,Schalke 04,0,2,A,2012
Porto,Dynamo Kyiv,3,2,H,2012
Zenit,Anderlecht,1,0,H,2012
Dortmund,Real Madrid,2,1,H,2012
Dinamo Zagreb,Paris S-G,0,2,A,2012
Ajax,Manchester City,3,1,H,2012
Ajax,Manchester City,3,1,H,2012
Montpellier,Olympiacos,1,2,A,2012
Dortmund,Real Madrid,2,1,H,2012
Zenit,Anderlecht,1,0,H,2012
Porto,Dynamo Kyiv,3,2,H,2012
Arsenal,Schalke 04,0,2,A,2012
MÃ¡laga,Milan,1,0,H,2012
MÃ¡laga,Milan,1,0,H,2012
Dinamo Zagreb,Paris S-G,0,2,A,2012
Real Madrid,Dortmund,2,2,D,2012
Olympiacos,Montpellier,3,1,H,2012
Dynamo Kyiv,Porto,0,0,D,2012
Paris S-G,Dinamo Zagreb,4,0,H,2012
Milan,MÃ¡laga,1,1,D,2012
Anderlecht,Zenit,1,0,H,2012
Milan,MÃ¡laga,1,1,D,2012
Paris S-G,Dinamo Zagreb,4,0,H,2012
Real Madrid,Dortmund,2,2,D,2012
Dynamo Kyiv,Porto,0,0,D,2012
Olympiacos,Montpellier,3,1,H,2012
Schalke 04,Arsenal,2,2,D,2012
Schalke 04,Arsenal,2,2,D,2012
Anderlecht,Zenit,1,0,H,2012
Chelsea,Shakhtar,3,2,H,2012
Bayern Munich,Lille,6,1,H,2012
Benfica,Spartak Moscow,2,0,H,2012
Bayern Munich,Lille,6,1,H,2012
Celtic,Barcelona,2,1,H,2012
Juventus,NordsjÃ¦lland,4,0,H,2012
Benfica,Spartak Moscow,2,0,H,2012
CFR Cluj,Galatasaray,1,3,A,2012
Valencia,BATE Borisov,4,2,H,2012
Chelsea,Shakhtar,3,2,H,2012
Braga,Manchester Utd,1,3,A,2012
Valencia,BATE Borisov,4,2,H,2012
CFR Cluj,Galatasaray,1,3,A,2012
Juventus,NordsjÃ¦lland,4,0,H,2012
Celtic,Barcelona,2,1,H,2012
Braga,Manchester Utd,1,3,A,2012
BATE Borisov,Lille,0,2,A,2012
CFR Cluj,Braga,3,1,H,2012
NordsjÃ¦lland,Shakhtar,2,5,A,2012
Valencia,Bayern Munich,1,1,D,2012
Galatasaray,Manchester Utd,1,0,H,2012
Benfica,Celtic,2,1,H,2012
Juventus,Chelsea,3,0,H,2012
Spartak Moscow,Barcelona,0,3,A,2012
Spartak Moscow,Barcelona,0,3,A,2012
NordsjÃ¦lland,Shakhtar,2,5,A,2012
CFR Cluj,Braga,3,1,H,2012
Galatasaray,Manchester Utd,1,0,H,2012
Valencia,Bayern Munich,1,1,D,2012
Juventus,Chelsea,3,0,H,2012
Benfica,Celtic,2,1,H,2012
BATE Borisov,Lille,0,2,A,2012
Dynamo Kyiv,Paris S-G,0,2,A,2012
Anderlecht,Milan,1,3,A,2012
Manchester City,Real Madrid,1,1,D,2012
Ajax,Dortmund,1,4,A,2012
Zenit,MÃ¡laga,2,2,D,2012
Dynamo Kyiv,Paris S-G,0,2,A,2012
Manchester City,Real Madrid,1,1,D,2012
Porto,Dinamo Zagreb,3,0,H,2012
Arsenal,Montpellier,2,0,H,2012
Ajax,Dortmund,1,4,A,2012
Zenit,MÃ¡laga,2,2,D,2012
Arsenal,Montpellier,2,0,H,2012
Porto,Dinamo Zagreb,3,0,H,2012
Anderlecht,Milan,1,3,A,2012
Milan,Zenit,0,1,A,2012
MÃ¡laga,Anderlecht,2,2,D,2012
Dinamo Zagreb,Dynamo Kyiv,1,1,D,2012
Paris S-G,Porto,2,1,H,2012
Montpellier,Schalke 04,1,1,D,2012
Milan,Zenit,0,1,A,2012
Real Madrid,Ajax,4,1,H,2012
Real Madrid,Ajax,4,1,H,2012
Olympiacos,Arsenal,2,1,H,2012
Dortmund,Manchester City,1,0,H,2012
Dortmund,Manchester City,1,0,H,2012
MÃ¡laga,Anderlecht,2,2,D,2012
Dinamo Zagreb,Dynamo Kyiv,1,1,D,2012
Paris S-G,Porto,2,1,H,2012
Olympiacos,Arsenal,2,1,H,2012
Montpellier,Schalke 04,1,1,D,2012
Lille,Valencia,0,1,A,2012
Barcelona,Benfica,0,0,D,2012
Manchester Utd,CFR Cluj,0,1,A,2012
Bayern Munich,BATE Borisov,4,1,H,2012
Celtic,Spartak Moscow,2,1,H,2012
Braga,Galatasaray,1,2,A,2012
Chelsea,NordsjÃ¦lland,6,1,H,2012
Barcelona,Benfica,0,0,D,2012
Manchester Utd,CFR Cluj,0,1,A,2012
Celtic,Spartak Moscow,2,1,H,2012
Shakhtar,Juventus,0,1,A,2012
Shakhtar,Juventus,0,1,A,2012
Braga,Galatasaray,1,2,A,2012
Chelsea,NordsjÃ¦lland,6,1,H,2012
Bayern Munich,BATE Borisov,4,1,H,2012
Lille,Valencia,0,1,A,2012
Celtic,Juventus,0,3,A,2012
Celtic,Juventus,0,3,A,2012
Real Madrid,Manchester Utd,1,1,D,2012
Shakhtar,Dortmund,2,2,D,2012
Shakhtar,Dortmund,2,2,D,2012
Real Madrid,Manchester Utd,1,1,D,2012
Arsenal,Bayern Munich,1,3,A,2012
Porto,MÃ¡laga,1,0,H,2012
Porto,MÃ¡laga,1,0,H,2012
Arsenal,Bayern Munich,1,3,A,2012
Milan,Barcelona,2,0,H,2012
Galatasaray,Schalke 04,1,1,D,2012
Milan,Barcelona,2,0,H,2012
Galatasaray,Schalke 04,1,1,D,2012
Dortmund,Shakhtar,3,0,H,2012
Manchester Utd,Real Madrid,1,2,A,2012
Dortmund,Shakhtar,3,0,H,2012
Manchester Utd,Real Madrid,1,2,A,2012
Paris S-G,Valencia,1,1,D,2012
Juventus,Celtic,2,0,H,2012
Paris S-G,Valencia,1,1,D,2012
Juventus,Celtic,2,0,H,2012
Schalke 04,Galatasaray,2,3,A,2012
Schalke 04,Galatasaray,2,3,A,2012
Barcelona,Milan,4,0,H,2012
Barcelona,Milan,4,0,H,2012
MÃ¡laga,Porto,2,0,H,2012
Bayern Munich,Arsenal,0,2,A,2012
Bayern Munich,Arsenal,0,2,A,2012
MÃ¡laga,Porto,2,0,H,2012
Bayern Munich,Juventus,2,0,H,2012
Paris S-G,Barcelona,2,2,D,2012
Bayern Munich,Juventus,2,0,H,2012
Paris S-G,Barcelona,2,2,D,2012
MÃ¡laga,Dortmund,0,0,D,2012
Real Madrid,Galatasaray,3,0,H,2012
Real Madrid,Galatasaray,3,0,H,2012
MÃ¡laga,Dortmund,0,0,D,2012
Dortmund,MÃ¡laga,3,2,H,2012
Galatasaray,Real Madrid,3,2,H,2012
Galatasaray,Real Madrid,3,2,H,2012
Dortmund,MÃ¡laga,3,2,H,2012
Barcelona,Paris S-G,1,1,D,2012
Juventus,Bayern Munich,0,2,A,2012
Juventus,Bayern Munich,0,2,A,2012
Barcelona,Paris S-G,1,1,D,2012
Bayern Munich,Barcelona,4,0,H,2012
Bayern Munich,Barcelona,4,0,H,2012
Dortmund,Real Madrid,4,1,H,2012
Dortmund,Real Madrid,4,1,H,2012
Real Madrid,Dortmund,2,0,H,2012
Real Madrid,Dortmund,2,0,H,2012
Barcelona,Bayern Munich,0,3,A,2012
Barcelona,Bayern Munich,0,3,A,2012
Dortmund,Bayern Munich,1,2,A,2012
Dortmund,Bayern Munich,1,2,A,2012
Manchester Utd,Leverkusen,4,2,H,2013
Viktoria PlzeÅ,Manchester City,0,3,A,2013
Olympiacos,Paris S-G,1,4,A,2013
Benfica,Anderlecht,2,0,H,2013
Bayern Munich,CSKA Moscow,3,0,H,2013
FC Copenhagen,Juventus,1,1,D,2013
Galatasaray,Real Madrid,1,6,A,2013
Galatasaray,Real Madrid,1,6,A,2013
Real Sociedad,Shakhtar,0,2,A,2013
Bayern Munich,CSKA Moscow,3,0,H,2013
Benfica,Anderlecht,2,0,H,2013
Manchester Utd,Leverkusen,4,2,H,2013
Viktoria PlzeÅ,Manchester City,0,3,A,2013
Olympiacos,Paris S-G,1,4,A,2013
FC Copenhagen,Juventus,1,1,D,2013
Real Sociedad,Shakhtar,0,2,A,2013
Marseille,Arsenal,1,2,A,2013
Schalke 04,Steaua,3,0,H,2013
Barcelona,Ajax,4,0,H,2013
AtlÃ©tico Madrid,Zenit,3,1,H,2013
Chelsea,Basel,1,2,A,2013
Milan,Celtic,2,0,H,2013
Napoli,Dortmund,2,1,H,2013
Barcelona,Ajax,4,0,H,2013
Milan,Celtic,2,0,H,2013
Chelsea,Basel,1,2,A,2013
AtlÃ©tico Madrid,Zenit,3,1,H,2013
Schalke 04,Steaua,3,0,H,2013
Marseille,Arsenal,1,2,A,2013
Austria Wien,Porto,0,1,A,2013
Napoli,Dortmund,2,1,H,2013
Austria Wien,Porto,0,1,A,2013
Steaua,Chelsea,0,4,A,2013
Porto,AtlÃ©tico Madrid,1,2,A,2013
Celtic,Barcelona,0,1,A,2013
Ajax,Milan,1,1,D,2013
Basel,Schalke 04,0,1,A,2013
Zenit,Austria Wien,0,0,D,2013
Steaua,Chelsea,0,4,A,2013
Dortmund,Marseille,3,0,H,2013
Zenit,Austria Wien,0,0,D,2013
Arsenal,Napoli,2,0,H,2013
Celtic,Barcelona,0,1,A,2013
Basel,Schalke 04,0,1,A,2013
Porto,AtlÃ©tico Madrid,1,2,A,2013
Dortmund,Marseille,3,0,H,2013
Arsenal,Napoli,2,0,H,2013
Ajax,Milan,1,1,D,2013
CSKA Moscow,Viktoria PlzeÅ,3,2,H,2013
Paris S-G,Benfica,3,0,H,2013
Manchester City,Bayern Munich,1,3,A,2013
Paris S-G,Benfica,3,0,H,2013
Juventus,Galatasaray,2,2,D,2013
Leverkusen,Real Sociedad,2,1,H,2013
Shakhtar,Manchester Utd,1,1,D,2013
Anderlecht,Olympiacos,0,3,A,2013
Manchester City,Bayern Munich,1,3,A,2013
Real Madrid,FC Copenhagen,4,0,H,2013
Real Madrid,FC Copenhagen,4,0,H,2013
Anderlecht,Olympiacos,0,3,A,2013
Shakhtar,Manchester Utd,1,1,D,2013
Leverkusen,Real Sociedad,2,1,H,2013
CSKA Moscow,Viktoria PlzeÅ,3,2,H,2013
Juventus,Galatasaray,2,2,D,2013
Steaua,Basel,1,1,D,2013
Milan,Barcelona,1,1,D,2013
Marseille,Napoli,1,2,A,2013
Arsenal,Dortmund,1,2,A,2013
Celtic,Ajax,2,1,H,2013
Arsenal,Dortmund,1,2,A,2013
Porto,Zenit,0,1,A,2013
Schalke 04,Chelsea,0,3,A,2013
Milan,Barcelona,1,1,D,2013
Steaua,Basel,1,1,D,2013
Marseille,Napoli,1,2,A,2013
Austria Wien,AtlÃ©tico Madrid,0,3,A,2013
Austria Wien,AtlÃ©tico Madrid,0,3,A,2013
Schalke 04,Chelsea,0,3,A,2013
Porto,Zenit,0,1,A,2013
Celtic,Ajax,2,1,H,2013
Leverkusen,Shakhtar,4,0,H,2013
Manchester Utd,Real Sociedad,1,0,H,2013
Galatasaray,FC Copenhagen,3,1,H,2013
CSKA Moscow,Manchester City,1,2,A,2013
Real Madrid,Juventus,2,1,H,2013
Bayern Munich,Viktoria PlzeÅ,5,0,H,2013
Anderlecht,Paris S-G,0,5,A,2013
Manchester Utd,Real Sociedad,1,0,H,2013
Benfica,Olympiacos,1,1,D,2013
Anderlecht,Paris S-G,0,5,A,2013
Leverkusen,Shakhtar,4,0,H,2013
Benfica,Olympiacos,1,1,D,2013
Galatasaray,FC Copenhagen,3,1,H,2013
CSKA Moscow,Manchester City,1,2,A,2013
Real Madrid,Juventus,2,1,H,2013
Bayern Munich,Viktoria PlzeÅ,5,0,H,2013
FC Copenhagen,Galatasaray,1,0,H,2013
Viktoria PlzeÅ,Bayern Munich,0,1,A,2013
Real Sociedad,Manchester Utd,0,0,D,2013
Olympiacos,Benfica,1,0,H,2013
Paris S-G,Anderlecht,1,1,D,2013
Shakhtar,Leverkusen,0,0,D,2013
Real Sociedad,Manchester Utd,0,0,D,2013
Paris S-G,Anderlecht,1,1,D,2013
Shakhtar,Leverkusen,0,0,D,2013
Juventus,Real Madrid,2,2,D,2013
Olympiacos,Benfica,1,0,H,2013
FC Copenhagen,Galatasaray,1,0,H,2013
Viktoria PlzeÅ,Bayern Munich,0,1,A,2013
Juventus,Real Madrid,2,2,D,2013
Dortmund,Arsenal,0,1,A,2013
Chelsea,Schalke 04,3,0,H,2013
Ajax,Celtic,1,0,H,2013
AtlÃ©tico Madrid,Austria Wien,4,0,H,2013
Barcelona,Milan,3,1,H,2013
Basel,Steaua,1,1,D,2013
Chelsea,Schalke 04,3,0,H,2013
Dortmund,Arsenal,0,1,A,2013
Zenit,Porto,1,1,D,2013
Napoli,Marseille,3,2,H,2013
Ajax,Celtic,1,0,H,2013
AtlÃ©tico Madrid,Austria Wien,4,0,H,2013
Barcelona,Milan,3,1,H,2013
Napoli,Marseille,3,2,H,2013
Basel,Steaua,1,1,D,2013
Zenit,Porto,1,1,D,2013
Arsenal,Marseille,2,0,H,2013
Ajax,Barcelona,2,1,H,2013
Steaua,Schalke 04,0,0,D,2013
Arsenal,Marseille,2,0,H,2013
Porto,Austria Wien,1,1,D,2013
Zenit,AtlÃ©tico Madrid,1,1,D,2013
Basel,Chelsea,1,0,H,2013
Celtic,Milan,0,3,A,2013
Dortmund,Napoli,3,1,H,2013
Ajax,Barcelona,2,1,H,2013
Steaua,Schalke 04,0,0,D,2013
Dortmund,Napoli,3,1,H,2013
Celtic,Milan,0,3,A,2013
Basel,Chelsea,1,0,H,2013
Zenit,AtlÃ©tico Madrid,1,1,D,2013
Porto,Austria Wien,1,1,D,2013
Real Madrid,Galatasaray,4,1,H,2013
Manchester City,Viktoria PlzeÅ,4,2,H,2013
Shakhtar,Real Sociedad,4,0,H,2013
Anderlecht,Benfica,2,3,A,2013
CSKA Moscow,Bayern Munich,1,3,A,2013
Juventus,FC Copenhagen,3,1,H,2013
Real Madrid,Galatasaray,4,1,H,2013
Manchester City,Viktoria PlzeÅ,4,2,H,2013
Shakhtar,Real Sociedad,4,0,H,2013
Anderlecht,Benfica,2,3,A,2013
CSKA Moscow,Bayern Munich,1,3,A,2013
Paris S-G,Olympiacos,2,1,H,2013
Paris S-G,Olympiacos,2,1,H,2013
Juventus,FC Copenhagen,3,1,H,2013
Olympiacos,Anderlecht,3,1,H,2013
Benfica,Paris S-G,2,1,H,2013
Manchester Utd,Shakhtar,1,0,H,2013
Viktoria PlzeÅ,CSKA Moscow,2,1,H,2013
FC Copenhagen,Real Madrid,0,2,A,2013
Real Sociedad,Leverkusen,0,1,A,2013
Bayern Munich,Manchester City,2,3,A,2013
Benfica,Paris S-G,2,1,H,2013
Manchester Utd,Shakhtar,1,0,H,2013
Olympiacos,Anderlecht,3,1,H,2013
Viktoria PlzeÅ,CSKA Moscow,2,1,H,2013
FC Copenhagen,Real Madrid,0,2,A,2013
Real Sociedad,Leverkusen,0,1,A,2013
Bayern Munich,Manchester City,2,3,A,2013
Barcelona,Celtic,6,1,H,2013
AtlÃ©tico Madrid,Porto,2,0,H,2013
Marseille,Dortmund,1,2,A,2013
Milan,Ajax,0,0,D,2013
Schalke 04,Basel,2,0,H,2013
Galatasaray,Juventus,1,0,H,2013
Chelsea,Steaua,1,0,H,2013
Austria Wien,Zenit,4,1,H,2013
Napoli,Arsenal,2,0,H,2013
Schalke 04,Basel,2,0,H,2013
Napoli,Arsenal,2,0,H,2013
Chelsea,Steaua,1,0,H,2013
AtlÃ©tico Madrid,Porto,2,0,H,2013
Galatasaray,Juventus,1,0,H,2013
Barcelona,Celtic,6,1,H,2013
Milan,Ajax,0,0,D,2013
Austria Wien,Zenit,4,1,H,2013
Marseille,Dortmund,1,2,A,2013
Manchester City,Barcelona,0,2,A,2013
Manchester City,Barcelona,0,2,A,2013
Arsenal,Bayern Munich,0,2,A,2013
Milan,AtlÃ©tico Madrid,0,1,A,2013
Milan,AtlÃ©tico Madrid,0,1,A,2013
Arsenal,Bayern Munich,0,2,A,2013
Zenit,Dortmund,2,4,A,2013
Olympiacos,Manchester Utd,2,0,H,2013
Olympiacos,Manchester Utd,2,0,H,2013
Zenit,Dortmund,2,4,A,2013
Galatasaray,Chelsea,1,1,D,2013
Schalke 04,Real Madrid,1,6,A,2013
Galatasaray,Chelsea,1,1,D,2013
Schalke 04,Real Madrid,1,6,A,2013
Bayern Munich,Arsenal,1,1,D,2013
AtlÃ©tico Madrid,Milan,4,1,H,2013
Bayern Munich,Arsenal,1,1,D,2013
AtlÃ©tico Madrid,Milan,4,1,H,2013
Paris S-G,Leverkusen,2,1,H,2013
Barcelona,Manchester City,2,1,H,2013
Paris S-G,Leverkusen,2,1,H,2013
Barcelona,Manchester City,2,1,H,2013
Real Madrid,Schalke 04,3,1,H,2013
Chelsea,Galatasaray,2,0,H,2013
Real Madrid,Schalke 04,3,1,H,2013
Chelsea,Galatasaray,2,0,H,2013
Manchester Utd,Olympiacos,3,0,H,2013
Dortmund,Zenit,1,2,A,2013
Dortmund,Zenit,1,2,A,2013
Manchester Utd,Olympiacos,3,0,H,2013
Manchester Utd,Bayern Munich,1,1,D,2013
Barcelona,AtlÃ©tico Madrid,1,1,D,2013
Barcelona,AtlÃ©tico Madrid,1,1,D,2013
Manchester Utd,Bayern Munich,1,1,D,2013
Real Madrid,Dortmund,3,0,H,2013
Paris S-G,Chelsea,3,1,H,2013
Paris S-G,Chelsea,3,1,H,2013
Real Madrid,Dortmund,3,0,H,2013
Dortmund,Real Madrid,2,0,H,2013
Chelsea,Paris S-G,2,0,H,2013
Chelsea,Paris S-G,2,0,H,2013
Dortmund,Real Madrid,2,0,H,2013
Bayern Munich,Manchester Utd,3,1,H,2013
AtlÃ©tico Madrid,Barcelona,1,0,H,2013
AtlÃ©tico Madrid,Barcelona,1,0,H,2013
Bayern Munich,Manchester Utd,3,1,H,2013
AtlÃ©tico Madrid,Chelsea,0,0,D,2013
AtlÃ©tico Madrid,Chelsea,0,0,D,2013
Real Madrid,Bayern Munich,1,0,H,2013
Real Madrid,Bayern Munich,1,0,H,2013
Bayern Munich,Real Madrid,0,4,A,2013
Bayern Munich,Real Madrid,0,4,A,2013
Chelsea,AtlÃ©tico Madrid,1,3,A,2013
Chelsea,AtlÃ©tico Madrid,1,3,A,2013
Real Madrid,AtlÃ©tico Madrid,4,1,H,2013
Real Madrid,AtlÃ©tico Madrid,4,1,H,2013
Juventus,MalmÃ¶,2,0,H,2014
Olympiacos,AtlÃ©tico Madrid,3,2,H,2014
Liverpool,Ludogorets,2,1,H,2014
Real Madrid,Basel,5,1,H,2014
Monaco,Leverkusen,1,0,H,2014
Dortmund,Arsenal,2,0,H,2014
Liverpool,Ludogorets,2,1,H,2014
Benfica,Zenit,0,2,A,2014
Benfica,Zenit,0,2,A,2014
Olympiacos,AtlÃ©tico Madrid,3,2,H,2014
Real Madrid,Basel,5,1,H,2014
Dortmund,Arsenal,2,0,H,2014
Monaco,Leverkusen,1,0,H,2014
Juventus,MalmÃ¶,2,0,H,2014
Galatasaray,Anderlecht,1,1,D,2014
Galatasaray,Anderlecht,1,1,D,2014
Bayern Munich,Manchester City,1,0,H,2014
Chelsea,Schalke 04,1,1,D,2014
Chelsea,Schalke 04,1,1,D,2014
Porto,BATE Borisov,6,0,H,2014
Roma,CSKA Moscow,5,1,H,2014
Porto,BATE Borisov,6,0,H,2014
Ajax,Paris S-G,1,1,D,2014
Barcelona,APOEL FC,1,0,H,2014
Roma,CSKA Moscow,5,1,H,2014
Ajax,Paris S-G,1,1,D,2014
NK Maribor,Sporting CP,1,1,D,2014
Barcelona,APOEL FC,1,0,H,2014
Bayern Munich,Manchester City,1,0,H,2014
Athletic Club,Shakhtar,0,0,D,2014
NK Maribor,Sporting CP,1,1,D,2014
Athletic Club,Shakhtar,0,0,D,2014
BATE Borisov,Athletic Club,2,1,H,2014
Manchester City,Roma,1,1,D,2014
APOEL FC,Ajax,1,1,D,2014
Shakhtar,Porto,2,2,D,2014
Paris S-G,Barcelona,3,2,H,2014
Schalke 04,NK Maribor,1,1,D,2014
BATE Borisov,Athletic Club,2,1,H,2014
CSKA Moscow,Bayern Munich,0,1,A,2014
Shakhtar,Porto,2,2,D,2014
Paris S-G,Barcelona,3,2,H,2014
Schalke 04,NK Maribor,1,1,D,2014
Manchester City,Roma,1,1,D,2014
Sporting CP,Chelsea,0,1,A,2014
Sporting CP,Chelsea,0,1,A,2014
APOEL FC,Ajax,1,1,D,2014
CSKA Moscow,Bayern Munich,0,1,A,2014
Basel,Liverpool,1,0,H,2014
Ludogorets,Real Madrid,1,2,A,2014
AtlÃ©tico Madrid,Juventus,1,0,H,2014
Arsenal,Galatasaray,4,1,H,2014
Zenit,Monaco,0,0,D,2014
Leverkusen,Benfica,3,1,H,2014
MalmÃ¶,Olympiacos,2,0,H,2014
Ludogorets,Real Madrid,1,2,A,2014
Anderlecht,Dortmund,0,3,A,2014
Basel,Liverpool,1,0,H,2014
AtlÃ©tico Madrid,Juventus,1,0,H,2014
MalmÃ¶,Olympiacos,2,0,H,2014
Zenit,Monaco,0,0,D,2014
Arsenal,Galatasaray,4,1,H,2014
Anderlecht,Dortmund,0,3,A,2014
Leverkusen,Benfica,3,1,H,2014
Barcelona,Ajax,3,1,H,2014
Porto,Athletic Club,2,1,H,2014
Chelsea,NK Maribor,6,0,H,2014
BATE Borisov,Shakhtar,0,7,A,2014
APOEL FC,Paris S-G,0,1,A,2014
Schalke 04,Sporting CP,4,3,H,2014
Schalke 04,Sporting CP,4,3,H,2014
Roma,Bayern Munich,1,7,A,2014
Barcelona,Ajax,3,1,H,2014
Porto,Athletic Club,2,1,H,2014
Chelsea,NK Maribor,6,0,H,2014
APOEL FC,Paris S-G,0,1,A,2014
Roma,Bayern Munich,1,7,A,2014
CSKA Moscow,Manchester City,2,2,D,2014
CSKA Moscow,Manchester City,2,2,D,2014
BATE Borisov,Shakhtar,0,7,A,2014
Liverpool,Real Madrid,0,3,A,2014
Olympiacos,Juventus,1,0,H,2014
Anderlecht,Arsenal,1,2,A,2014
Leverkusen,Zenit,2,0,H,2014
AtlÃ©tico Madrid,MalmÃ¶,5,0,H,2014
Monaco,Benfica,0,0,D,2014
Ludogorets,Basel,1,0,H,2014
Olympiacos,Juventus,1,0,H,2014
Anderlecht,Arsenal,1,2,A,2014
Leverkusen,Zenit,2,0,H,2014
AtlÃ©tico Madrid,MalmÃ¶,5,0,H,2014
Ludogorets,Basel,1,0,H,2014
Liverpool,Real Madrid,0,3,A,2014
Galatasaray,Dortmund,0,4,A,2014
Galatasaray,Dortmund,0,4,A,2014
Monaco,Benfica,0,0,D,2014
Benfica,Monaco,1,0,H,2014
Basel,Ludogorets,4,0,H,2014
Dortmund,Galatasaray,4,1,H,2014
Zenit,Leverkusen,1,2,A,2014
Benfica,Monaco,1,0,H,2014
Juventus,Olympiacos,3,2,H,2014
Real Madrid,Liverpool,1,0,H,2014
Zenit,Leverkusen,1,2,A,2014
MalmÃ¶,AtlÃ©tico Madrid,0,2,A,2014
Basel,Ludogorets,4,0,H,2014
Real Madrid,Liverpool,1,0,H,2014
MalmÃ¶,AtlÃ©tico Madrid,0,2,A,2014
Juventus,Olympiacos,3,2,H,2014
Dortmund,Galatasaray,4,1,H,2014
Paris S-G,APOEL FC,1,0,H,2014
Athletic Club,Porto,0,2,A,2014
Manchester City,CSKA Moscow,1,2,A,2014
Sporting CP,Schalke 04,4,2,H,2014
Bayern Munich,Roma,2,0,H,2014
NK Maribor,Chelsea,1,1,D,2014
Ajax,Barcelona,0,2,A,2014
Paris S-G,APOEL FC,1,0,H,2014
Bayern Munich,Roma,2,0,H,2014
Shakhtar,BATE Borisov,5,0,H,2014
Ajax,Barcelona,0,2,A,2014
NK Maribor,Chelsea,1,1,D,2014
Sporting CP,Schalke 04,4,2,H,2014
Manchester City,CSKA Moscow,1,2,A,2014
Athletic Club,Porto,0,2,A,2014
Shakhtar,BATE Borisov,5,0,H,2014
Shakhtar,Athletic Club,0,1,A,2014
APOEL FC,Barcelona,0,4,A,2014
Manchester City,Bayern Munich,3,2,H,2014
BATE Borisov,Porto,0,3,A,2014
Manchester City,Bayern Munich,3,2,H,2014
Sporting CP,NK Maribor,3,1,H,2014
BATE Borisov,Porto,0,3,A,2014
CSKA Moscow,Roma,1,1,D,2014
Schalke 04,Chelsea,0,5,A,2014
Paris S-G,Ajax,3,1,H,2014
Sporting CP,NK Maribor,3,1,H,2014
Shakhtar,Athletic Club,0,1,A,2014
APOEL FC,Barcelona,0,4,A,2014
Paris S-G,Ajax,3,1,H,2014
Schalke 04,Chelsea,0,5,A,2014
CSKA Moscow,Roma,1,1,D,2014
MalmÃ¶,Juventus,0,2,A,2014
Ludogorets,Liverpool,2,2,D,2014
Anderlecht,Galatasaray,2,0,H,2014
Basel,Real Madrid,0,1,A,2014
AtlÃ©tico Madrid,Olympiacos,4,0,H,2014
Leverkusen,Monaco,0,1,A,2014
MalmÃ¶,Juventus,0,2,A,2014
Zenit,Benfica,1,0,H,2014
Zenit,Benfica,1,0,H,2014
Ludogorets,Liverpool,2,2,D,2014
Basel,Real Madrid,0,1,A,2014
AtlÃ©tico Madrid,Olympiacos,4,0,H,2014
Leverkusen,Monaco,0,1,A,2014
Anderlecht,Galatasaray,2,0,H,2014
Liverpool,Basel,1,1,D,2014
Juventus,AtlÃ©tico Madrid,0,0,D,2014
Dortmund,Anderlecht,1,1,D,2014
Real Madrid,Ludogorets,4,0,H,2014
Monaco,Zenit,2,0,H,2014
Olympiacos,MalmÃ¶,4,2,H,2014
Galatasaray,Arsenal,1,4,A,2014
Benfica,Leverkusen,0,0,D,2014
Liverpool,Basel,1,1,D,2014
Benfica,Leverkusen,0,0,D,2014
Juventus,AtlÃ©tico Madrid,0,0,D,2014
Dortmund,Anderlecht,1,1,D,2014
Real Madrid,Ludogorets,4,0,H,2014
Monaco,Zenit,2,0,H,2014
Olympiacos,MalmÃ¶,4,2,H,2014
Galatasaray,Arsenal,1,4,A,2014
Chelsea,Sporting CP,3,1,H,2014
Ajax,APOEL FC,4,0,H,2014
Athletic Club,BATE Borisov,2,0,H,2014
Roma,Manchester City,0,2,A,2014
NK Maribor,Schalke 04,0,1,A,2014
Barcelona,Paris S-G,3,1,H,2014
Bayern Munich,CSKA Moscow,3,0,H,2014
Porto,Shakhtar,1,1,D,2014
Ajax,APOEL FC,4,0,H,2014
Roma,Manchester City,0,2,A,2014
Athletic Club,BATE Borisov,2,0,H,2014
Bayern Munich,CSKA Moscow,3,0,H,2014
Porto,Shakhtar,1,1,D,2014
Chelsea,Sporting CP,3,1,H,2014
NK Maribor,Schalke 04,0,1,A,2014
Barcelona,Paris S-G,3,1,H,2014
Paris S-G,Chelsea,1,1,D,2014
Paris S-G,Chelsea,1,1,D,2014
Basel,Porto,1,1,D,2014
Basel,Porto,1,1,D,2014
Schalke 04,Real Madrid,0,2,A,2014
Schalke 04,Real Madrid,0,2,A,2014
Manchester City,Barcelona,1,2,A,2014
Juventus,Dortmund,2,1,H,2014
Manchester City,Barcelona,1,2,A,2014
Juventus,Dortmund,2,1,H,2014
Leverkusen,AtlÃ©tico Madrid,1,0,H,2014
Arsenal,Monaco,1,3,A,2014
Arsenal,Monaco,1,3,A,2014
Leverkusen,AtlÃ©tico Madrid,1,0,H,2014
Real Madrid,Schalke 04,3,4,A,2014
Porto,Basel,4,0,H,2014
Real Madrid,Schalke 04,3,4,A,2014
Porto,Basel,4,0,H,2014
Bayern Munich,Shakhtar,7,0,H,2014
Chelsea,Paris S-G,2,2,D,2014
Bayern Munich,Shakhtar,7,0,H,2014
Chelsea,Paris S-G,2,2,D,2014
Monaco,Arsenal,0,2,A,2014
AtlÃ©tico Madrid,Leverkusen,3,2,H,2014
Monaco,Arsenal,0,2,A,2014
AtlÃ©tico Madrid,Leverkusen,3,2,H,2014
Barcelona,Manchester City,1,0,H,2014
Dortmund,Juventus,0,3,A,2014
Barcelona,Manchester City,1,0,H,2014
Dortmund,Juventus,0,3,A,2014
AtlÃ©tico Madrid,Real Madrid,0,0,D,2014
AtlÃ©tico Madrid,Real Madrid,0,0,D,2014
Juventus,Monaco,1,0,H,2014
Juventus,Monaco,1,0,H,2014
Paris S-G,Barcelona,1,3,A,2014
Porto,Bayern Munich,3,1,H,2014
Porto,Bayern Munich,3,1,H,2014
Paris S-G,Barcelona,1,3,A,2014
Bayern Munich,Porto,6,1,H,2014
Barcelona,Paris S-G,2,0,H,2014
Bayern Munich,Porto,6,1,H,2014
Barcelona,Paris S-G,2,0,H,2014
Real Madrid,AtlÃ©tico Madrid,1,0,H,2014
Monaco,Juventus,0,0,D,2014
Monaco,Juventus,0,0,D,2014
Real Madrid,AtlÃ©tico Madrid,1,0,H,2014
Juventus,Real Madrid,2,1,H,2014
Juventus,Real Madrid,2,1,H,2014
Barcelona,Bayern Munich,3,0,H,2014
Barcelona,Bayern Munich,3,0,H,2014
Bayern Munich,Barcelona,3,2,H,2014
Bayern Munich,Barcelona,3,2,H,2014
Real Madrid,Juventus,1,1,D,2014
Real Madrid,Juventus,1,1,D,2014
Juventus,Barcelona,1,3,A,2014
Juventus,Barcelona,1,3,A,2014
Wolfsburg,CSKA Moscow,1,0,H,2015
Benfica,FC Astana,2,0,H,2015
Galatasaray,AtlÃ©tico Madrid,0,2,A,2015
Real Madrid,Shakhtar,4,0,H,2015
Paris S-G,MalmÃ¶,2,0,H,2015
Galatasaray,AtlÃ©tico Madrid,0,2,A,2015
Real Madrid,Shakhtar,4,0,H,2015
Paris S-G,MalmÃ¶,2,0,H,2015
Manchester City,Juventus,1,2,A,2015
PSV Eindhoven,Manchester Utd,2,1,H,2015
Sevilla,M'Gladbach,3,0,H,2015
Benfica,FC Astana,2,0,H,2015
Manchester City,Juventus,1,2,A,2015
PSV Eindhoven,Manchester Utd,2,1,H,2015
Sevilla,M'Gladbach,3,0,H,2015
Wolfsburg,CSKA Moscow,1,0,H,2015
Gent,Lyon,1,1,D,2015
Chelsea,Maccabi Tel Aviv,4,0,H,2015
Dinamo Zagreb,Arsenal,2,1,H,2015
Valencia,Zenit,2,3,A,2015
Dynamo Kyiv,Porto,2,2,D,2015
Leverkusen,BATE Borisov,4,1,H,2015
Roma,Barcelona,1,1,D,2015
Olympiacos,Bayern Munich,0,3,A,2015
Dynamo Kyiv,Porto,2,2,D,2015
Olympiacos,Bayern Munich,0,3,A,2015
Dinamo Zagreb,Arsenal,2,1,H,2015
Roma,Barcelona,1,1,D,2015
Chelsea,Maccabi Tel Aviv,4,0,H,2015
Gent,Lyon,1,1,D,2015
Leverkusen,BATE Borisov,4,1,H,2015
Valencia,Zenit,2,3,A,2015
BATE Borisov,Roma,3,2,H,2015
Zenit,Gent,2,1,H,2015
Maccabi Tel Aviv,Dynamo Kyiv,0,2,A,2015
Lyon,Valencia,0,1,A,2015
Barcelona,Leverkusen,2,1,H,2015
Arsenal,Olympiacos,2,3,A,2015
Porto,Chelsea,2,1,H,2015
Bayern Munich,Dinamo Zagreb,5,0,H,2015
Barcelona,Leverkusen,2,1,H,2015
Bayern Munich,Dinamo Zagreb,5,0,H,2015
Lyon,Valencia,0,1,A,2015
Maccabi Tel Aviv,Dynamo Kyiv,0,2,A,2015
Zenit,Gent,2,1,H,2015
Porto,Chelsea,2,1,H,2015
Arsenal,Olympiacos,2,3,A,2015
BATE Borisov,Roma,3,2,H,2015
MalmÃ¶,Real Madrid,0,2,A,2015
M'Gladbach,Manchester City,1,2,A,2015
AtlÃ©tico Madrid,Benfica,1,2,A,2015
MalmÃ¶,Real Madrid,0,2,A,2015
Juventus,Sevilla,2,0,H,2015
CSKA Moscow,PSV Eindhoven,3,2,H,2015
Manchester Utd,Wolfsburg,2,1,H,2015
Juventus,Sevilla,2,0,H,2015
AtlÃ©tico Madrid,Benfica,1,2,A,2015
Shakhtar,Paris S-G,0,3,A,2015
FC Astana,Galatasaray,2,2,D,2015
FC Astana,Galatasaray,2,2,D,2015
Shakhtar,Paris S-G,0,3,A,2015
CSKA Moscow,PSV Eindhoven,3,2,H,2015
Manchester Utd,Wolfsburg,2,1,H,2015
M'Gladbach,Manchester City,1,2,A,2015
Arsenal,Bayern Munich,2,0,H,2015
Porto,Maccabi Tel Aviv,2,0,H,2015
Leverkusen,Roma,4,4,D,2015
Dinamo Zagreb,Olympiacos,0,1,A,2015
Valencia,Gent,2,1,H,2015
BATE Borisov,Barcelona,0,2,A,2015
Zenit,Lyon,3,1,H,2015
Dynamo Kyiv,Chelsea,0,0,D,2015
Zenit,Lyon,3,1,H,2015
Dynamo Kyiv,Chelsea,0,0,D,2015
BATE Borisov,Barcelona,0,2,A,2015
Valencia,Gent,2,1,H,2015
Dinamo Zagreb,Olympiacos,0,1,A,2015
Leverkusen,Roma,4,4,D,2015
Porto,Maccabi Tel Aviv,2,0,H,2015
Arsenal,Bayern Munich,2,0,H,2015
Galatasaray,Benfica,2,1,H,2015
Wolfsburg,PSV Eindhoven,2,0,H,2015
MalmÃ¶,Shakhtar,1,0,H,2015
Juventus,M'Gladbach,0,0,D,2015
Paris S-G,Real Madrid,0,0,D,2015
CSKA Moscow,Manchester Utd,1,1,D,2015
AtlÃ©tico Madrid,FC Astana,4,0,H,2015
Manchester City,Sevilla,2,1,H,2015
Manchester City,Sevilla,2,1,H,2015
AtlÃ©tico Madrid,FC Astana,4,0,H,2015
Paris S-G,Real Madrid,0,0,D,2015
Juventus,M'Gladbach,0,0,D,2015
MalmÃ¶,Shakhtar,1,0,H,2015
Wolfsburg,PSV Eindhoven,2,0,H,2015
Galatasaray,Benfica,2,1,H,2015
CSKA Moscow,Manchester Utd,1,1,D,2015
M'Gladbach,Juventus,1,1,D,2015
Manchester Utd,CSKA Moscow,1,0,H,2015
Shakhtar,MalmÃ¶,4,0,H,2015
Real Madrid,Paris S-G,1,0,H,2015
Sevilla,Manchester City,1,3,A,2015
Manchester Utd,CSKA Moscow,1,0,H,2015
Shakhtar,MalmÃ¶,4,0,H,2015
PSV Eindhoven,Wolfsburg,2,0,H,2015
FC Astana,AtlÃ©tico Madrid,0,0,D,2015
Sevilla,Manchester City,1,3,A,2015
FC Astana,AtlÃ©tico Madrid,0,0,D,2015
PSV Eindhoven,Wolfsburg,2,0,H,2015
M'Gladbach,Juventus,1,1,D,2015
Real Madrid,Paris S-G,1,0,H,2015
Roma,Leverkusen,3,2,H,2015
Barcelona,BATE Borisov,3,0,H,2015
Chelsea,Dynamo Kyiv,2,1,H,2015
Gent,Valencia,1,0,H,2015
Bayern Munich,Arsenal,5,1,H,2015
Lyon,Zenit,0,2,A,2015
Olympiacos,Dinamo Zagreb,2,1,H,2015
Barcelona,BATE Borisov,3,0,H,2015
Roma,Leverkusen,3,2,H,2015
Lyon,Zenit,0,2,A,2015
Gent,Valencia,1,0,H,2015
Bayern Munich,Arsenal,5,1,H,2015
Maccabi Tel Aviv,Porto,1,3,A,2015
Olympiacos,Dinamo Zagreb,2,1,H,2015
Maccabi Tel Aviv,Porto,1,3,A,2015
Chelsea,Dynamo Kyiv,2,1,H,2015
Maccabi Tel Aviv,Chelsea,0,4,A,2015
Arsenal,Dinamo Zagreb,3,0,H,2015
Porto,Dynamo Kyiv,0,2,A,2015
BATE Borisov,Leverkusen,1,1,D,2015
Zenit,Valencia,2,0,H,2015
Barcelona,Roma,6,1,H,2015
Lyon,Gent,1,2,A,2015
Bayern Munich,Olympiacos,4,0,H,2015
Maccabi Tel Aviv,Chelsea,0,4,A,2015
Bayern Munich,Olympiacos,4,0,H,2015
Lyon,Gent,1,2,A,2015
Barcelona,Roma,6,1,H,2015
Arsenal,Dinamo Zagreb,3,0,H,2015
Porto,Dynamo Kyiv,0,2,A,2015
Zenit,Valencia,2,0,H,2015
BATE Borisov,Leverkusen,1,1,D,2015
Juventus,Manchester City,1,0,H,2015
CSKA Moscow,Wolfsburg,0,2,A,2015
Shakhtar,Real Madrid,3,4,A,2015
FC Astana,Benfica,2,2,D,2015
MalmÃ¶,Paris S-G,0,5,A,2015
AtlÃ©tico Madrid,Galatasaray,2,0,H,2015
M'Gladbach,Sevilla,4,2,H,2015
CSKA Moscow,Wolfsburg,0,2,A,2015
M'Gladbach,Sevilla,4,2,H,2015
Shakhtar,Real Madrid,3,4,A,2015
FC Astana,Benfica,2,2,D,2015
AtlÃ©tico Madrid,Galatasaray,2,0,H,2015
MalmÃ¶,Paris S-G,0,5,A,2015
Juventus,Manchester City,1,0,H,2015
Paris S-G,Shakhtar,2,0,H,2015
Galatasaray,FC Astana,1,1,D,2015
Sevilla,Juventus,1,0,H,2015
Paris S-G,Shakhtar,2,0,H,2015
Wolfsburg,Manchester Utd,3,2,H,2015
PSV Eindhoven,CSKA Moscow,2,1,H,2015
Real Madrid,MalmÃ¶,8,0,H,2015
Benfica,AtlÃ©tico Madrid,1,2,A,2015
Manchester City,M'Gladbach,4,2,H,2015
Wolfsburg,Manchester Utd,3,2,H,2015
PSV Eindhoven,CSKA Moscow,2,1,H,2015
Sevilla,Juventus,1,0,H,2015
Benfica,AtlÃ©tico Madrid,1,2,A,2015
Real Madrid,MalmÃ¶,8,0,H,2015
Galatasaray,FC Astana,1,1,D,2015
Manchester City,M'Gladbach,4,2,H,2015
Dynamo Kyiv,Maccabi Tel Aviv,1,0,H,2015
Roma,BATE Borisov,0,0,D,2015
Gent,Zenit,2,1,H,2015
Dynamo Kyiv,Maccabi Tel Aviv,1,0,H,2015
Chelsea,Porto,2,0,H,2015
Olympiacos,Arsenal,0,3,A,2015
Olympiacos,Arsenal,0,3,A,2015
Valencia,Lyon,0,2,A,2015
Gent,Zenit,2,1,H,2015
Valencia,Lyon,0,2,A,2015
Leverkusen,Barcelona,1,1,D,2015
Roma,BATE Borisov,0,0,D,2015
Dinamo Zagreb,Bayern Munich,0,2,A,2015
Chelsea,Porto,2,0,H,2015
Dinamo Zagreb,Bayern Munich,0,2,A,2015
Leverkusen,Barcelona,1,1,D,2015
Benfica,Zenit,1,0,H,2015
Benfica,Zenit,1,0,H,2015
Gent,Wolfsburg,2,3,A,2015
Roma,Real Madrid,0,2,A,2015
Gent,Wolfsburg,2,3,A,2015
Roma,Real Madrid,0,2,A,2015
Arsenal,Barcelona,0,2,A,2015
Juventus,Bayern Munich,2,2,D,2015
Juventus,Bayern Munich,2,2,D,2015
Arsenal,Barcelona,0,2,A,2015
PSV Eindhoven,AtlÃ©tico Madrid,0,0,D,2015
Dynamo Kyiv,Manchester City,1,3,A,2015
Dynamo Kyiv,Manchester City,1,3,A,2015
PSV Eindhoven,AtlÃ©tico Madrid,0,0,D,2015
Real Madrid,Roma,2,0,H,2015
Wolfsburg,Gent,1,0,H,2015
Wolfsburg,Gent,1,0,H,2015
Real Madrid,Roma,2,0,H,2015
Zenit,Benfica,1,2,A,2015
Chelsea,Paris S-G,1,2,A,2015
Zenit,Benfica,1,2,A,2015
Chelsea,Paris S-G,1,2,A,2015
AtlÃ©tico Madrid,PSV Eindhoven,8,7,H,2015
Manchester City,Dynamo Kyiv,0,0,D,2015
AtlÃ©tico Madrid,PSV Eindhoven,8,7,H,2015
Manchester City,Dynamo Kyiv,0,0,D,2015
Barcelona,Arsenal,3,1,H,2015
Bayern Munich,Juventus,4,2,H,2015
Bayern Munich,Juventus,4,2,H,2015
Barcelona,Arsenal,3,1,H,2015
Barcelona,AtlÃ©tico Madrid,2,1,H,2015
Bayern Munich,Benfica,1,0,H,2015
Barcelona,AtlÃ©tico Madrid,2,1,H,2015
Bayern Munich,Benfica,1,0,H,2015
Wolfsburg,Real Madrid,2,0,H,2015
Paris S-G,Manchester City,2,2,D,2015
Paris S-G,Manchester City,2,2,D,2015
Wolfsburg,Real Madrid,2,0,H,2015
Manchester City,Paris S-G,1,0,H,2015
Real Madrid,Wolfsburg,3,0,H,2015
Manchester City,Paris S-G,1,0,H,2015
Real Madrid,Wolfsburg,3,0,H,2015
AtlÃ©tico Madrid,Barcelona,2,0,H,2015
AtlÃ©tico Madrid,Barcelona,2,0,H,2015
Benfica,Bayern Munich,2,2,D,2015
Benfica,Bayern Munich,2,2,D,2015
Manchester City,Real Madrid,0,0,D,2015
Manchester City,Real Madrid,0,0,D,2015
AtlÃ©tico Madrid,Bayern Munich,1,0,H,2015
AtlÃ©tico Madrid,Bayern Munich,1,0,H,2015
Bayern Munich,AtlÃ©tico Madrid,2,1,H,2015
Bayern Munich,AtlÃ©tico Madrid,2,1,H,2015
Real Madrid,Manchester City,1,0,H,2015
Real Madrid,Manchester City,1,0,H,2015
Real Madrid,AtlÃ©tico Madrid,5,3,H,2015
Real Madrid,AtlÃ©tico Madrid,5,3,H,2015
Benfica,BeÅiktaÅ,1,1,D,2016
Dynamo Kyiv,Napoli,1,2,A,2016
Bayern Munich,Rostov,5,0,H,2016
Barcelona,Celtic,7,0,H,2016
Paris S-G,Arsenal,1,1,D,2016
Dynamo Kyiv,Napoli,1,2,A,2016
PSV Eindhoven,AtlÃ©tico Madrid,0,1,A,2016
Basel,Ludogorets,1,1,D,2016
PSV Eindhoven,AtlÃ©tico Madrid,0,1,A,2016
Barcelona,Celtic,7,0,H,2016
Paris S-G,Arsenal,1,1,D,2016
Bayern Munich,Rostov,5,0,H,2016
Benfica,BeÅiktaÅ,1,1,D,2016
Basel,Ludogorets,1,1,D,2016
Lyon,Dinamo Zagreb,3,0,H,2016
Juventus,Sevilla,0,0,D,2016
Legia Warsaw,Dortmund,0,6,A,2016
Tottenham,Monaco,1,2,A,2016
Manchester City,M'Gladbach,4,0,H,2016
Club Brugge,Leicester City,0,3,A,2016
Real Madrid,Sporting CP,2,1,H,2016
Leverkusen,CSKA Moscow,2,2,D,2016
Real Madrid,Sporting CP,2,1,H,2016
Club Brugge,Leicester City,0,3,A,2016
Manchester City,M'Gladbach,4,0,H,2016
Tottenham,Monaco,1,2,A,2016
Porto,FC Copenhagen,1,1,D,2016
Legia Warsaw,Dortmund,0,6,A,2016
Lyon,Dinamo Zagreb,3,0,H,2016
Juventus,Sevilla,0,0,D,2016
Leverkusen,CSKA Moscow,2,2,D,2016
Porto,FC Copenhagen,1,1,D,2016
Sporting CP,Legia Warsaw,2,0,H,2016
Sporting CP,Legia Warsaw,2,0,H,2016
Leicester City,Porto,1,0,H,2016
Sevilla,Lyon,1,0,H,2016
Monaco,Leverkusen,1,1,D,2016
Leicester City,Porto,1,0,H,2016
CSKA Moscow,Tottenham,0,1,A,2016
FC Copenhagen,Club Brugge,4,0,H,2016
Dinamo Zagreb,Juventus,0,4,A,2016
Monaco,Leverkusen,1,1,D,2016
CSKA Moscow,Tottenham,0,1,A,2016
FC Copenhagen,Club Brugge,4,0,H,2016
Dortmund,Real Madrid,2,2,D,2016
Sevilla,Lyon,1,0,H,2016
Dortmund,Real Madrid,2,2,D,2016
Dinamo Zagreb,Juventus,0,4,A,2016
AtlÃ©tico Madrid,Bayern Munich,1,0,H,2016
M'Gladbach,Barcelona,1,2,A,2016
BeÅiktaÅ,Dynamo Kyiv,1,1,D,2016
Arsenal,Basel,2,0,H,2016
Celtic,Manchester City,3,3,D,2016
Napoli,Benfica,4,2,H,2016
Arsenal,Basel,2,0,H,2016
M'Gladbach,Barcelona,1,2,A,2016
Napoli,Benfica,4,2,H,2016
Ludogorets,Paris S-G,1,3,A,2016
AtlÃ©tico Madrid,Bayern Munich,1,0,H,2016
BeÅiktaÅ,Dynamo Kyiv,1,1,D,2016
Rostov,PSV Eindhoven,2,2,D,2016
Ludogorets,Paris S-G,1,3,A,2016
Celtic,Manchester City,3,3,D,2016
Rostov,PSV Eindhoven,2,2,D,2016
Sporting CP,Dortmund,1,2,A,2016
Leicester City,FC Copenhagen,1,0,H,2016
Lyon,Juventus,0,1,A,2016
Leverkusen,Tottenham,0,0,D,2016
Club Brugge,Porto,1,2,A,2016
Real Madrid,Legia Warsaw,5,1,H,2016
CSKA Moscow,Monaco,1,1,D,2016
Leicester City,FC Copenhagen,1,0,H,2016
Lyon,Juventus,0,1,A,2016
Leverkusen,Tottenham,0,0,D,2016
Club Brugge,Porto,1,2,A,2016
Real Madrid,Legia Warsaw,5,1,H,2016
Dinamo Zagreb,Sevilla,0,1,A,2016
CSKA Moscow,Monaco,1,1,D,2016
Dinamo Zagreb,Sevilla,0,1,A,2016
Sporting CP,Dortmund,1,2,A,2016
Rostov,AtlÃ©tico Madrid,0,1,A,2016
Dynamo Kyiv,Benfica,0,2,A,2016
Napoli,BeÅiktaÅ,2,3,A,2016
Bayern Munich,PSV Eindhoven,4,1,H,2016
Barcelona,Manchester City,4,0,H,2016
Paris S-G,Basel,3,0,H,2016
Arsenal,Ludogorets,6,0,H,2016
Rostov,AtlÃ©tico Madrid,0,1,A,2016
Napoli,BeÅiktaÅ,2,3,A,2016
Bayern Munich,PSV Eindhoven,4,1,H,2016
Barcelona,Manchester City,4,0,H,2016
Paris S-G,Basel,3,0,H,2016
Arsenal,Ludogorets,6,0,H,2016
Celtic,M'Gladbach,0,2,A,2016
Dynamo Kyiv,Benfica,0,2,A,2016
Celtic,M'Gladbach,0,2,A,2016
Benfica,Dynamo Kyiv,1,0,H,2016
PSV Eindhoven,Bayern Munich,1,2,A,2016
Basel,Paris S-G,1,2,A,2016
AtlÃ©tico Madrid,Rostov,2,1,H,2016
BeÅiktaÅ,Napoli,1,1,D,2016
M'Gladbach,Celtic,1,1,D,2016
Ludogorets,Arsenal,2,3,A,2016
Ludogorets,Arsenal,2,3,A,2016
Benfica,Dynamo Kyiv,1,0,H,2016
M'Gladbach,Celtic,1,1,D,2016
AtlÃ©tico Madrid,Rostov,2,1,H,2016
BeÅiktaÅ,Napoli,1,1,D,2016
Basel,Paris S-G,1,2,A,2016
PSV Eindhoven,Bayern Munich,1,2,A,2016
Porto,Club Brugge,1,0,H,2016
Monaco,CSKA Moscow,3,0,H,2016
Juventus,Lyon,1,1,D,2016
FC Copenhagen,Leicester City,0,0,D,2016
Legia Warsaw,Real Madrid,3,3,D,2016
Tottenham,Leverkusen,0,1,A,2016
Porto,Club Brugge,1,0,H,2016
Tottenham,Leverkusen,0,1,A,2016
Legia Warsaw,Real Madrid,3,3,D,2016
FC Copenhagen,Leicester City,0,0,D,2016
Juventus,Lyon,1,1,D,2016
Monaco,CSKA Moscow,3,0,H,2016
Sevilla,Dinamo Zagreb,4,0,H,2016
Dortmund,Sporting CP,1,0,H,2016
Sevilla,Dinamo Zagreb,4,0,H,2016
Dortmund,Sporting CP,1,0,H,2016
Leicester City,Club Brugge,2,1,H,2016
Sporting CP,Real Madrid,1,2,A,2016
CSKA Moscow,Leverkusen,1,1,D,2016
Leicester City,Club Brugge,2,1,H,2016
Monaco,Tottenham,2,1,H,2016
FC Copenhagen,Porto,0,0,D,2016
Dortmund,Legia Warsaw,8,4,H,2016
Monaco,Tottenham,2,1,H,2016
Dortmund,Legia Warsaw,8,4,H,2016
Dinamo Zagreb,Lyon,0,1,A,2016
CSKA Moscow,Leverkusen,1,1,D,2016
Sporting CP,Real Madrid,1,2,A,2016
FC Copenhagen,Porto,0,0,D,2016
Sevilla,Juventus,1,3,A,2016
Dinamo Zagreb,Lyon,0,1,A,2016
Sevilla,Juventus,1,3,A,2016
Napoli,Dynamo Kyiv,0,0,D,2016
Celtic,Barcelona,0,2,A,2016
Ludogorets,Basel,0,0,D,2016
BeÅiktaÅ,Benfica,3,3,D,2016
AtlÃ©tico Madrid,PSV Eindhoven,2,0,H,2016
Rostov,Bayern Munich,3,2,H,2016
Ludogorets,Basel,0,0,D,2016
M'Gladbach,Manchester City,1,1,D,2016
Napoli,Dynamo Kyiv,0,0,D,2016
AtlÃ©tico Madrid,PSV Eindhoven,2,0,H,2016
M'Gladbach,Manchester City,1,1,D,2016
Rostov,Bayern Munich,3,2,H,2016
Celtic,Barcelona,0,2,A,2016
BeÅiktaÅ,Benfica,3,3,D,2016
Manchester City,Celtic,1,1,D,2016
Benfica,Napoli,1,2,A,2016
Basel,Arsenal,1,4,A,2016
Barcelona,M'Gladbach,4,0,H,2016
PSV Eindhoven,Rostov,0,0,D,2016
Bayern Munich,AtlÃ©tico Madrid,1,0,H,2016
Dynamo Kyiv,BeÅiktaÅ,6,0,H,2016
Manchester City,Celtic,1,1,D,2016
Paris S-G,Ludogorets,2,2,D,2016
Benfica,Napoli,1,2,A,2016
PSV Eindhoven,Rostov,0,0,D,2016
Basel,Arsenal,1,4,A,2016
Dynamo Kyiv,BeÅiktaÅ,6,0,H,2016
Paris S-G,Ludogorets,2,2,D,2016
Bayern Munich,AtlÃ©tico Madrid,1,0,H,2016
Barcelona,M'Gladbach,4,0,H,2016
Real Madrid,Dortmund,2,2,D,2016
Tottenham,CSKA Moscow,3,1,H,2016
Lyon,Sevilla,0,0,D,2016
Juventus,Dinamo Zagreb,2,0,H,2016
Legia Warsaw,Sporting CP,1,0,H,2016
Leverkusen,Monaco,3,0,H,2016
Lyon,Sevilla,0,0,D,2016
Porto,Leicester City,5,0,H,2016
Legia Warsaw,Sporting CP,1,0,H,2016
Club Brugge,FC Copenhagen,0,2,A,2016
Real Madrid,Dortmund,2,2,D,2016
Club Brugge,FC Copenhagen,0,2,A,2016
Leverkusen,Monaco,3,0,H,2016
Juventus,Dinamo Zagreb,2,0,H,2016
Tottenham,CSKA Moscow,3,1,H,2016
Porto,Leicester City,5,0,H,2016
Benfica,Dortmund,1,0,H,2016
Benfica,Dortmund,1,0,H,2016
Bayern Munich,Arsenal,5,1,H,2016
Real Madrid,Napoli,3,1,H,2016
Real Madrid,Napoli,3,1,H,2016
Bayern Munich,Arsenal,5,1,H,2016
Leverkusen,AtlÃ©tico Madrid,2,4,A,2016
Manchester City,Monaco,5,3,H,2016
Manchester City,Monaco,5,3,H,2016
Leverkusen,AtlÃ©tico Madrid,2,4,A,2016
Porto,Juventus,0,2,A,2016
Sevilla,Leicester City,2,1,H,2016
Sevilla,Leicester City,2,1,H,2016
Porto,Juventus,0,2,A,2016
Arsenal,Bayern Munich,1,5,A,2016
Napoli,Real Madrid,1,3,A,2016
Napoli,Real Madrid,1,3,A,2016
Arsenal,Bayern Munich,1,5,A,2016
Barcelona,Paris S-G,6,1,H,2016
Dortmund,Benfica,4,0,H,2016
Dortmund,Benfica,4,0,H,2016
Barcelona,Paris S-G,6,1,H,2016
Juventus,Porto,1,0,H,2016
Juventus,Porto,1,0,H,2016
Leicester City,Sevilla,2,0,H,2016
Leicester City,Sevilla,2,0,H,2016
Monaco,Manchester City,3,1,H,2016
AtlÃ©tico Madrid,Leverkusen,0,0,D,2016
AtlÃ©tico Madrid,Leverkusen,0,0,D,2016
Monaco,Manchester City,3,1,H,2016
Juventus,Barcelona,3,0,H,2016
Juventus,Barcelona,3,0,H,2016
Bayern Munich,Real Madrid,1,2,A,2016
AtlÃ©tico Madrid,Leicester City,1,0,H,2016
Dortmund,Monaco,2,3,A,2016
AtlÃ©tico Madrid,Leicester City,1,0,H,2016
Dortmund,Monaco,2,3,A,2016
Bayern Munich,Real Madrid,1,2,A,2016
Real Madrid,Bayern Munich,4,2,H,2016
Leicester City,AtlÃ©tico Madrid,1,1,D,2016
Real Madrid,Bayern Munich,4,2,H,2016
Leicester City,AtlÃ©tico Madrid,1,1,D,2016
Barcelona,Juventus,0,0,D,2016
Monaco,Dortmund,3,1,H,2016
Monaco,Dortmund,3,1,H,2016
Barcelona,Juventus,0,0,D,2016
Real Madrid,AtlÃ©tico Madrid,3,0,H,2016
Real Madrid,AtlÃ©tico Madrid,3,0,H,2016
Monaco,Juventus,0,2,A,2016
Monaco,Juventus,0,2,A,2016
Juventus,Monaco,2,1,H,2016
Juventus,Monaco,2,1,H,2016
AtlÃ©tico Madrid,Real Madrid,2,1,H,2016
AtlÃ©tico Madrid,Real Madrid,2,1,H,2016
Juventus,Real Madrid,1,4,A,2016
Juventus,Real Madrid,1,4,A,2016
Bayern Munich,Anderlecht,3,0,H,2017
Celtic,Paris S-G,0,5,A,2017
Chelsea,QarabaÄ FK,6,0,H,2017
Olympiacos,Sporting CP,2,3,A,2017
Barcelona,Juventus,3,0,H,2017
Roma,AtlÃ©tico Madrid,0,0,D,2017
Benfica,CSKA Moscow,1,2,A,2017
Celtic,Paris S-G,0,5,A,2017
Manchester Utd,Basel,3,0,H,2017
Olympiacos,Sporting CP,2,3,A,2017
Bayern Munich,Anderlecht,3,0,H,2017
Barcelona,Juventus,3,0,H,2017
Roma,AtlÃ©tico Madrid,0,0,D,2017
Benfica,CSKA Moscow,1,2,A,2017
Manchester Utd,Basel,3,0,H,2017
Chelsea,QarabaÄ FK,6,0,H,2017
Tottenham,Dortmund,3,1,H,2017
Porto,BeÅiktaÅ,1,3,A,2017
Liverpool,Sevilla,2,2,D,2017
NK Maribor,Spartak Moscow,1,1,D,2017
Shakhtar,Napoli,2,1,H,2017
RB Leipzig,Monaco,1,1,D,2017
Real Madrid,APOEL FC,3,0,H,2017
Shakhtar,Napoli,2,1,H,2017
Real Madrid,APOEL FC,3,0,H,2017
RB Leipzig,Monaco,1,1,D,2017
Feyenoord,Manchester City,0,4,A,2017
NK Maribor,Spartak Moscow,1,1,D,2017
Tottenham,Dortmund,3,1,H,2017
Liverpool,Sevilla,2,2,D,2017
Porto,BeÅiktaÅ,1,3,A,2017
Feyenoord,Manchester City,0,4,A,2017
APOEL FC,Tottenham,0,3,A,2017
Spartak Moscow,Liverpool,1,1,D,2017
Sevilla,NK Maribor,3,0,H,2017
Dortmund,Real Madrid,1,3,A,2017
Monaco,Porto,0,3,A,2017
Napoli,Feyenoord,3,1,H,2017
Spartak Moscow,Liverpool,1,1,D,2017
BeÅiktaÅ,RB Leipzig,2,0,H,2017
APOEL FC,Tottenham,0,3,A,2017
BeÅiktaÅ,RB Leipzig,2,0,H,2017
Sevilla,NK Maribor,3,0,H,2017
Manchester City,Shakhtar,2,0,H,2017
Dortmund,Real Madrid,1,3,A,2017
Monaco,Porto,0,3,A,2017
Napoli,Feyenoord,3,1,H,2017
Manchester City,Shakhtar,2,0,H,2017
Paris S-G,Bayern Munich,3,0,H,2017
Juventus,Olympiacos,2,0,H,2017
Basel,Benfica,5,0,H,2017
Anderlecht,Celtic,0,3,A,2017
AtlÃ©tico Madrid,Chelsea,1,2,A,2017
QarabaÄ FK,Roma,1,2,A,2017
Anderlecht,Celtic,0,3,A,2017
Basel,Benfica,5,0,H,2017
Juventus,Olympiacos,2,0,H,2017
AtlÃ©tico Madrid,Chelsea,1,2,A,2017
QarabaÄ FK,Roma,1,2,A,2017
Sporting CP,Barcelona,0,1,A,2017
Sporting CP,Barcelona,0,1,A,2017
Paris S-G,Bayern Munich,3,0,H,2017
CSKA Moscow,Manchester Utd,1,4,A,2017
CSKA Moscow,Manchester Utd,1,4,A,2017
Feyenoord,Shakhtar,1,2,A,2017
Manchester City,Napoli,2,1,H,2017
APOEL FC,Dortmund,1,1,D,2017
Spartak Moscow,Sevilla,5,1,H,2017
NK Maribor,Liverpool,0,7,A,2017
Real Madrid,Tottenham,1,1,D,2017
RB Leipzig,Porto,3,2,H,2017
Monaco,BeÅiktaÅ,1,2,A,2017
Feyenoord,Shakhtar,1,2,A,2017
Manchester City,Napoli,2,1,H,2017
NK Maribor,Liverpool,0,7,A,2017
APOEL FC,Dortmund,1,1,D,2017
Spartak Moscow,Sevilla,5,1,H,2017
Real Madrid,Tottenham,1,1,D,2017
Monaco,BeÅiktaÅ,1,2,A,2017
RB Leipzig,Porto,3,2,H,2017
Benfica,Manchester Utd,0,1,A,2017
QarabaÄ FK,AtlÃ©tico Madrid,0,0,D,2017
Juventus,Sporting CP,2,1,H,2017
Barcelona,Olympiacos,3,1,H,2017
Barcelona,Olympiacos,3,1,H,2017
Anderlecht,Paris S-G,0,4,A,2017
CSKA Moscow,Basel,0,2,A,2017
Benfica,Manchester Utd,0,1,A,2017
Chelsea,Roma,3,3,D,2017
Chelsea,Roma,3,3,D,2017
QarabaÄ FK,AtlÃ©tico Madrid,0,0,D,2017
Anderlecht,Paris S-G,0,4,A,2017
Bayern Munich,Celtic,3,0,H,2017
Bayern Munich,Celtic,3,0,H,2017
CSKA Moscow,Basel,0,2,A,2017
Juventus,Sporting CP,2,1,H,2017
Paris S-G,Anderlecht,5,0,H,2017
AtlÃ©tico Madrid,QarabaÄ FK,1,1,D,2017
Roma,Chelsea,3,0,H,2017
Basel,CSKA Moscow,1,2,A,2017
Olympiacos,Barcelona,0,0,D,2017
Sporting CP,Juventus,1,1,D,2017
Manchester Utd,Benfica,2,0,H,2017
Olympiacos,Barcelona,0,0,D,2017
Basel,CSKA Moscow,1,2,A,2017
Roma,Chelsea,3,0,H,2017
AtlÃ©tico Madrid,QarabaÄ FK,1,1,D,2017
Paris S-G,Anderlecht,5,0,H,2017
Manchester Utd,Benfica,2,0,H,2017
Sporting CP,Juventus,1,1,D,2017
Porto,RB Leipzig,3,1,H,2017
Tottenham,Real Madrid,3,1,H,2017
BeÅiktaÅ,Monaco,1,1,D,2017
Liverpool,NK Maribor,3,0,H,2017
Shakhtar,Feyenoord,3,1,H,2017
Sevilla,Spartak Moscow,2,1,H,2017
Napoli,Manchester City,2,4,A,2017
Dortmund,APOEL FC,1,1,D,2017
Sevilla,Spartak Moscow,2,1,H,2017
BeÅiktaÅ,Monaco,1,1,D,2017
Liverpool,NK Maribor,3,0,H,2017
Porto,RB Leipzig,3,1,H,2017
Tottenham,Real Madrid,3,1,H,2017
Napoli,Manchester City,2,4,A,2017
Dortmund,APOEL FC,1,1,D,2017
Shakhtar,Feyenoord,3,1,H,2017
Manchester City,Feyenoord,1,0,H,2017
APOEL FC,Real Madrid,0,6,A,2017
Monaco,RB Leipzig,1,4,A,2017
Dortmund,Tottenham,1,2,A,2017
BeÅiktaÅ,Porto,1,1,D,2017
Sevilla,Liverpool,3,3,D,2017
Spartak Moscow,NK Maribor,1,1,D,2017
Napoli,Shakhtar,3,0,H,2017
APOEL FC,Real Madrid,0,6,A,2017
Monaco,RB Leipzig,1,4,A,2017
Dortmund,Tottenham,1,2,A,2017
Napoli,Shakhtar,3,0,H,2017
Sevilla,Liverpool,3,3,D,2017
Spartak Moscow,NK Maribor,1,1,D,2017
BeÅiktaÅ,Porto,1,1,D,2017
Manchester City,Feyenoord,1,0,H,2017
QarabaÄ FK,Chelsea,0,4,A,2017
AtlÃ©tico Madrid,Roma,2,0,H,2017
Paris S-G,Celtic,7,1,H,2017
Anderlecht,Bayern Munich,1,2,A,2017
Basel,Manchester Utd,1,0,H,2017
Juventus,Barcelona,0,0,D,2017
CSKA Moscow,Benfica,2,0,H,2017
QarabaÄ FK,Chelsea,0,4,A,2017
CSKA Moscow,Benfica,2,0,H,2017
Basel,Manchester Utd,1,0,H,2017
Anderlecht,Bayern Munich,1,2,A,2017
Paris S-G,Celtic,7,1,H,2017
AtlÃ©tico Madrid,Roma,2,0,H,2017
Juventus,Barcelona,0,0,D,2017
Olympiacos,Juventus,0,2,A,2017
Bayern Munich,Paris S-G,3,1,H,2017
Roma,QarabaÄ FK,1,0,H,2017
Barcelona,Sporting CP,2,0,H,2017
Benfica,Basel,0,2,A,2017
Manchester Utd,CSKA Moscow,2,1,H,2017
Celtic,Anderlecht,0,1,A,2017
Chelsea,AtlÃ©tico Madrid,1,1,D,2017
Olympiacos,Juventus,0,2,A,2017
Bayern Munich,Paris S-G,3,1,H,2017
Roma,QarabaÄ FK,1,0,H,2017
Barcelona,Sporting CP,2,0,H,2017
Benfica,Basel,0,2,A,2017
Manchester Utd,CSKA Moscow,2,1,H,2017
Celtic,Anderlecht,0,1,A,2017
Chelsea,AtlÃ©tico Madrid,1,1,D,2017
Tottenham,APOEL FC,3,0,H,2017
Real Madrid,Dortmund,3,2,H,2017
NK Maribor,Sevilla,1,1,D,2017
Feyenoord,Napoli,2,1,H,2017
RB Leipzig,BeÅiktaÅ,1,2,A,2017
Liverpool,Spartak Moscow,7,0,H,2017
Tottenham,APOEL FC,3,0,H,2017
Porto,Monaco,5,2,H,2017
Liverpool,Spartak Moscow,7,0,H,2017
RB Leipzig,BeÅiktaÅ,1,2,A,2017
Feyenoord,Napoli,2,1,H,2017
NK Maribor,Sevilla,1,1,D,2017
Real Madrid,Dortmund,3,2,H,2017
Shakhtar,Manchester City,2,1,H,2017
Porto,Monaco,5,2,H,2017
Shakhtar,Manchester City,2,1,H,2017
Basel,Manchester City,0,4,A,2017
Basel,Manchester City,0,4,A,2017
Real Madrid,Paris S-G,3,1,H,2017
Porto,Liverpool,0,5,A,2017
Real Madrid,Paris S-G,3,1,H,2017
Porto,Liverpool,0,5,A,2017
Chelsea,Barcelona,1,1,D,2017
Bayern Munich,BeÅiktaÅ,5,0,H,2017
Bayern Munich,BeÅiktaÅ,5,0,H,2017
Chelsea,Barcelona,1,1,D,2017
Sevilla,Manchester Utd,0,0,D,2017
Shakhtar,Roma,2,1,H,2017
Sevilla,Manchester Utd,0,0,D,2017
Shakhtar,Roma,2,1,H,2017
Paris S-G,Real Madrid,1,2,A,2017
Liverpool,Porto,0,0,D,2017
Liverpool,Porto,0,0,D,2017
Paris S-G,Real Madrid,1,2,A,2017
Manchester City,Basel,1,2,A,2017
Tottenham,Juventus,1,2,A,2017
Manchester City,Basel,1,2,A,2017
Tottenham,Juventus,1,2,A,2017
Roma,Shakhtar,1,0,H,2017
Roma,Shakhtar,1,0,H,2017
Manchester Utd,Sevilla,1,2,A,2017
Manchester Utd,Sevilla,1,2,A,2017
Barcelona,Chelsea,3,0,H,2017
Barcelona,Chelsea,3,0,H,2017
BeÅiktaÅ,Bayern Munich,1,3,A,2017
BeÅiktaÅ,Bayern Munich,1,3,A,2017
Juventus,Real Madrid,0,3,A,2017
Sevilla,Bayern Munich,1,2,A,2017
Sevilla,Bayern Munich,1,2,A,2017
Juventus,Real Madrid,0,3,A,2017
Liverpool,Manchester City,3,0,H,2017
Barcelona,Roma,4,1,H,2017
Liverpool,Manchester City,3,0,H,2017
Barcelona,Roma,4,1,H,2017
Roma,Barcelona,3,0,H,2017
Manchester City,Liverpool,1,2,A,2017
Roma,Barcelona,3,0,H,2017
Manchester City,Liverpool,1,2,A,2017
Bayern Munich,Sevilla,0,0,D,2017
Real Madrid,Juventus,1,3,A,2017
Real Madrid,Juventus,1,3,A,2017
Bayern Munich,Sevilla,0,0,D,2017
Liverpool,Roma,5,2,H,2017
Liverpool,Roma,5,2,H,2017
Bayern Munich,Real Madrid,1,2,A,2017
Bayern Munich,Real Madrid,1,2,A,2017
Real Madrid,Bayern Munich,2,2,D,2017
Real Madrid,Bayern Munich,2,2,D,2017
Roma,Liverpool,4,2,H,2017
Roma,Liverpool,4,2,H,2017
Real Madrid,Liverpool,3,1,H,2017
Real Madrid,Liverpool,3,1,H,2017
Red Star,Napoli,0,0,D,2018
Inter,Tottenham,2,1,H,2018
Barcelona,PSV Eindhoven,4,0,H,2018
Inter,Tottenham,2,1,H,2018
Liverpool,Paris S-G,3,2,H,2018
Red Star,Napoli,0,0,D,2018
Club Brugge,Dortmund,0,1,A,2018
Monaco,AtlÃ©tico Madrid,1,2,A,2018
Schalke 04,Porto,1,1,D,2018
Galatasaray,Loko Moscow,3,0,H,2018
Galatasaray,Loko Moscow,3,0,H,2018
Schalke 04,Porto,1,1,D,2018
Monaco,AtlÃ©tico Madrid,1,2,A,2018
Club Brugge,Dortmund,0,1,A,2018
Liverpool,Paris S-G,3,2,H,2018
Barcelona,PSV Eindhoven,4,0,H,2018
Shakhtar,Hoffenheim,2,2,D,2018
Ajax,AEK Athens,3,0,H,2018
Manchester City,Lyon,1,2,A,2018
Valencia,Juventus,0,2,A,2018
Young Boys,Manchester Utd,0,3,A,2018
Benfica,Bayern Munich,0,2,A,2018
Viktoria PlzeÅ,CSKA Moscow,2,2,D,2018
Real Madrid,Roma,3,0,H,2018
Real Madrid,Roma,3,0,H,2018
Valencia,Juventus,0,2,A,2018
Young Boys,Manchester Utd,0,3,A,2018
Manchester City,Lyon,1,2,A,2018
Shakhtar,Hoffenheim,2,2,D,2018
Ajax,AEK Athens,3,0,H,2018
Viktoria PlzeÅ,CSKA Moscow,2,2,D,2018
Benfica,Bayern Munich,0,2,A,2018
Hoffenheim,Manchester City,1,2,A,2018
Juventus,Young Boys,3,0,H,2018
Manchester Utd,Valencia,0,0,D,2018
Bayern Munich,Ajax,1,1,D,2018
Lyon,Shakhtar,2,2,D,2018
Roma,Viktoria PlzeÅ,5,0,H,2018
AEK Athens,Benfica,2,3,A,2018
AEK Athens,Benfica,2,3,A,2018
CSKA Moscow,Real Madrid,1,0,H,2018
Roma,Viktoria PlzeÅ,5,0,H,2018
Lyon,Shakhtar,2,2,D,2018
Bayern Munich,Ajax,1,1,D,2018
Manchester Utd,Valencia,0,0,D,2018
Juventus,Young Boys,3,0,H,2018
Hoffenheim,Manchester City,1,2,A,2018
CSKA Moscow,Real Madrid,1,0,H,2018
PSV Eindhoven,Inter,1,2,A,2018
Tottenham,Barcelona,2,4,A,2018
Porto,Galatasaray,1,0,H,2018
Loko Moscow,Schalke 04,0,1,A,2018
Paris S-G,Red Star,6,1,H,2018
Dortmund,Monaco,3,0,H,2018
AtlÃ©tico Madrid,Club Brugge,3,1,H,2018
AtlÃ©tico Madrid,Club Brugge,3,1,H,2018
Paris S-G,Red Star,6,1,H,2018
Loko Moscow,Schalke 04,0,1,A,2018
Porto,Galatasaray,1,0,H,2018
Napoli,Liverpool,1,0,H,2018
Tottenham,Barcelona,2,4,A,2018
Dortmund,Monaco,3,0,H,2018
PSV Eindhoven,Inter,1,2,A,2018
Napoli,Liverpool,1,0,H,2018
Shakhtar,Manchester City,0,3,A,2018
Young Boys,Valencia,1,1,D,2018
AEK Athens,Bayern Munich,0,2,A,2018
Manchester Utd,Juventus,0,1,A,2018
Roma,CSKA Moscow,3,0,H,2018
Hoffenheim,Lyon,3,3,D,2018
Ajax,Benfica,1,0,H,2018
Real Madrid,Viktoria PlzeÅ,2,1,H,2018
Real Madrid,Viktoria PlzeÅ,2,1,H,2018
Roma,CSKA Moscow,3,0,H,2018
AEK Athens,Bayern Munich,0,2,A,2018
Shakhtar,Manchester City,0,3,A,2018
Ajax,Benfica,1,0,H,2018
Young Boys,Valencia,1,1,D,2018
Hoffenheim,Lyon,3,3,D,2018
Manchester Utd,Juventus,0,1,A,2018
PSV Eindhoven,Tottenham,2,2,D,2018
Loko Moscow,Porto,1,3,A,2018
Paris S-G,Napoli,2,2,D,2018
Barcelona,Inter,2,0,H,2018
Galatasaray,Schalke 04,0,0,D,2018
Barcelona,Inter,2,0,H,2018
Liverpool,Red Star,4,0,H,2018
Dortmund,AtlÃ©tico Madrid,4,0,H,2018
PSV Eindhoven,Tottenham,2,2,D,2018
Paris S-G,Napoli,2,2,D,2018
Dortmund,AtlÃ©tico Madrid,4,0,H,2018
Liverpool,Red Star,4,0,H,2018
Club Brugge,Monaco,1,1,D,2018
Loko Moscow,Porto,1,3,A,2018
Galatasaray,Schalke 04,0,0,D,2018
Club Brugge,Monaco,1,1,D,2018
AtlÃ©tico Madrid,Dortmund,2,0,H,2018
Schalke 04,Galatasaray,2,0,H,2018
Napoli,Paris S-G,1,1,D,2018
Tottenham,PSV Eindhoven,2,1,H,2018
Napoli,Paris S-G,1,1,D,2018
Tottenham,PSV Eindhoven,2,1,H,2018
Porto,Loko Moscow,4,1,H,2018
Monaco,Club Brugge,0,4,A,2018
Schalke 04,Galatasaray,2,0,H,2018
AtlÃ©tico Madrid,Dortmund,2,0,H,2018
Porto,Loko Moscow,4,1,H,2018
Inter,Barcelona,1,1,D,2018
Monaco,Club Brugge,0,4,A,2018
Inter,Barcelona,1,1,D,2018
Lyon,Hoffenheim,2,2,D,2018
Valencia,Young Boys,3,1,H,2018
Benfica,Ajax,1,1,D,2018
Manchester City,Shakhtar,6,0,H,2018
CSKA Moscow,Roma,1,2,A,2018
Juventus,Manchester Utd,1,2,A,2018
Viktoria PlzeÅ,Real Madrid,0,5,A,2018
Bayern Munich,AEK Athens,2,0,H,2018
Lyon,Hoffenheim,2,2,D,2018
Benfica,Ajax,1,1,D,2018
CSKA Moscow,Roma,1,2,A,2018
Juventus,Manchester Utd,1,2,A,2018
Bayern Munich,AEK Athens,2,0,H,2018
Valencia,Young Boys,3,1,H,2018
Manchester City,Shakhtar,6,0,H,2018
Viktoria PlzeÅ,Real Madrid,0,5,A,2018
Manchester Utd,Young Boys,1,0,H,2018
Juventus,Valencia,1,0,H,2018
Lyon,Manchester City,2,2,D,2018
CSKA Moscow,Viktoria PlzeÅ,1,2,A,2018
Roma,Real Madrid,0,2,A,2018
AEK Athens,Ajax,0,2,A,2018
Juventus,Valencia,1,0,H,2018
CSKA Moscow,Viktoria PlzeÅ,1,2,A,2018
Lyon,Manchester City,2,2,D,2018
Manchester Utd,Young Boys,1,0,H,2018
AEK Athens,Ajax,0,2,A,2018
Roma,Real Madrid,0,2,A,2018
Bayern Munich,Benfica,5,1,H,2018
Hoffenheim,Shakhtar,2,3,A,2018
Hoffenheim,Shakhtar,2,3,A,2018
Bayern Munich,Benfica,5,1,H,2018
PSV Eindhoven,Barcelona,1,2,A,2018
Porto,Schalke 04,3,1,H,2018
PSV Eindhoven,Barcelona,1,2,A,2018
Loko Moscow,Galatasaray,2,0,H,2018
Paris S-G,Liverpool,2,1,H,2018
Dortmund,Club Brugge,0,0,D,2018
Napoli,Red Star,3,1,H,2018
Tottenham,Inter,1,0,H,2018
Porto,Schalke 04,3,1,H,2018
Loko Moscow,Galatasaray,2,0,H,2018
Paris S-G,Liverpool,2,1,H,2018
Dortmund,Club Brugge,0,0,D,2018
Napoli,Red Star,3,1,H,2018
Tottenham,Inter,1,0,H,2018
Schalke 04,Loko Moscow,1,0,H,2018
Galatasaray,Porto,2,3,A,2018
Monaco,Dortmund,0,2,A,2018
Schalke 04,Loko Moscow,1,0,H,2018
Liverpool,Napoli,1,0,H,2018
Galatasaray,Porto,2,3,A,2018
Red Star,Paris S-G,1,4,A,2018
Monaco,Dortmund,0,2,A,2018
Club Brugge,AtlÃ©tico Madrid,0,0,D,2018
Barcelona,Tottenham,1,1,D,2018
Red Star,Paris S-G,1,4,A,2018
Inter,PSV Eindhoven,1,1,D,2018
Liverpool,Napoli,1,0,H,2018
Inter,PSV Eindhoven,1,1,D,2018
Barcelona,Tottenham,1,1,D,2018
Club Brugge,AtlÃ©tico Madrid,0,0,D,2018
Benfica,AEK Athens,1,0,H,2018
Real Madrid,CSKA Moscow,0,3,A,2018
Viktoria PlzeÅ,Roma,2,1,H,2018
Valencia,Manchester Utd,2,1,H,2018
Manchester City,Hoffenheim,2,1,H,2018
Ajax,Bayern Munich,3,3,D,2018
Young Boys,Juventus,2,1,H,2018
Shakhtar,Lyon,1,1,D,2018
Ajax,Bayern Munich,3,3,D,2018
Young Boys,Juventus,2,1,H,2018
Valencia,Manchester Utd,2,1,H,2018
Benfica,AEK Athens,1,0,H,2018
Manchester City,Hoffenheim,2,1,H,2018
Real Madrid,CSKA Moscow,0,3,A,2018
Viktoria PlzeÅ,Roma,2,1,H,2018
Shakhtar,Lyon,1,1,D,2018
Manchester Utd,Paris S-G,0,2,A,2018
Manchester Utd,Paris S-G,0,2,A,2018
Tottenham,Dortmund,3,0,H,2018
Tottenham,Dortmund,3,0,H,2018
Ajax,Real Madrid,1,2,A,2018
Ajax,Real Madrid,1,2,A,2018
Liverpool,Bayern Munich,0,0,D,2018
Lyon,Barcelona,0,0,D,2018
Liverpool,Bayern Munich,0,0,D,2018
Lyon,Barcelona,0,0,D,2018
AtlÃ©tico Madrid,Juventus,2,0,H,2018
Schalke 04,Manchester City,2,3,A,2018
AtlÃ©tico Madrid,Juventus,2,0,H,2018
Schalke 04,Manchester City,2,3,A,2018
Real Madrid,Ajax,1,4,A,2018
Dortmund,Tottenham,0,1,A,2018
Real Madrid,Ajax,1,4,A,2018
Dortmund,Tottenham,0,1,A,2018
Paris S-G,Manchester Utd,1,3,A,2018
Paris S-G,Manchester Utd,1,3,A,2018
Porto,Roma,3,1,H,2018
Porto,Roma,3,1,H,2018
Juventus,AtlÃ©tico Madrid,3,0,H,2018
Manchester City,Schalke 04,7,0,H,2018
Manchester City,Schalke 04,7,0,H,2018
Juventus,AtlÃ©tico Madrid,3,0,H,2018
Bayern Munich,Liverpool,1,3,A,2018
Bayern Munich,Liverpool,1,3,A,2018
Barcelona,Lyon,5,1,H,2018
Barcelona,Lyon,5,1,H,2018
Tottenham,Manchester City,1,0,H,2018
Liverpool,Porto,2,0,H,2018
Tottenham,Manchester City,1,0,H,2018
Liverpool,Porto,2,0,H,2018
Ajax,Juventus,1,1,D,2018
Manchester Utd,Barcelona,0,1,A,2018
Ajax,Juventus,1,1,D,2018
Manchester Utd,Barcelona,0,1,A,2018
Juventus,Ajax,1,2,A,2018
Barcelona,Manchester Utd,3,0,H,2018
Juventus,Ajax,1,2,A,2018
Barcelona,Manchester Utd,3,0,H,2018
Manchester City,Tottenham,4,3,H,2018
Porto,Liverpool,1,4,A,2018
Porto,Liverpool,1,4,A,2018
Manchester City,Tottenham,4,3,H,2018
Tottenham,Ajax,0,1,A,2018
Tottenham,Ajax,0,1,A,2018
Barcelona,Liverpool,3,0,H,2018
Barcelona,Liverpool,3,0,H,2018
Liverpool,Barcelona,4,0,H,2018
Liverpool,Barcelona,4,0,H,2018
Ajax,Tottenham,2,3,A,2018
Ajax,Tottenham,2,3,A,2018
Tottenham,Liverpool,0,2,A,2018
Tottenham,Liverpool,0,2,A,2018
Dortmund,Barcelona,0,0,D,2019
Benfica,RB Leipzig,1,2,A,2019
Benfica,RB Leipzig,1,2,A,2019
Lyon,Zenit,1,1,D,2019
Napoli,Liverpool,2,0,H,2019
RB Salzburg,Genk,6,2,H,2019
Inter,Slavia Prague,1,1,D,2019
Ajax,Lille,3,0,H,2019
Napoli,Liverpool,2,0,H,2019
Inter,Slavia Prague,1,1,D,2019
Lyon,Zenit,1,1,D,2019
RB Salzburg,Genk,6,2,H,2019
Dortmund,Barcelona,0,0,D,2019
Ajax,Lille,3,0,H,2019
Chelsea,Valencia,0,1,A,2019
Chelsea,Valencia,0,1,A,2019
AtlÃ©tico Madrid,Juventus,2,2,D,2019
Olympiacos,Tottenham,2,2,D,2019
AtlÃ©tico Madrid,Juventus,2,2,D,2019
Paris S-G,Real Madrid,3,0,H,2019
Club Brugge,Galatasaray,0,0,D,2019
Paris S-G,Real Madrid,3,0,H,2019
Bayern Munich,Red Star,3,0,H,2019
Bayern Munich,Red Star,3,0,H,2019
Dinamo Zagreb,Atalanta,4,0,H,2019
Dinamo Zagreb,Atalanta,4,0,H,2019
Leverkusen,Loko Moscow,1,2,A,2019
Leverkusen,Loko Moscow,1,2,A,2019
Shakhtar,Manchester City,0,3,A,2019
Shakhtar,Manchester City,0,3,A,2019
Club Brugge,Galatasaray,0,0,D,2019
Olympiacos,Tottenham,2,2,D,2019
Manchester City,Dinamo Zagreb,2,0,H,2019
Tottenham,Bayern Munich,2,7,A,2019
Loko Moscow,AtlÃ©tico Madrid,0,2,A,2019
Juventus,Leverkusen,3,0,H,2019
Atalanta,Shakhtar,1,2,A,2019
Real Madrid,Club Brugge,2,2,D,2019
Red Star,Olympiacos,3,1,H,2019
Galatasaray,Paris S-G,0,1,A,2019
Manchester City,Dinamo Zagreb,2,0,H,2019
Tottenham,Bayern Munich,2,7,A,2019
Atalanta,Shakhtar,1,2,A,2019
Real Madrid,Club Brugge,2,2,D,2019
Red Star,Olympiacos,3,1,H,2019
Loko Moscow,AtlÃ©tico Madrid,0,2,A,2019
Galatasaray,Paris S-G,0,1,A,2019
Juventus,Leverkusen,3,0,H,2019
Liverpool,RB Salzburg,4,3,H,2019
Slavia Prague,Dortmund,0,2,A,2019
Barcelona,Inter,2,1,H,2019
Genk,Napoli,0,0,D,2019
Genk,Napoli,0,0,D,2019
RB Leipzig,Lyon,0,2,A,2019
Valencia,Ajax,0,3,A,2019
Zenit,Benfica,3,1,H,2019
Valencia,Ajax,0,3,A,2019
Lille,Chelsea,1,2,A,2019
RB Leipzig,Lyon,0,2,A,2019
Barcelona,Inter,2,1,H,2019
Liverpool,RB Salzburg,4,3,H,2019
Zenit,Benfica,3,1,H,2019
Lille,Chelsea,1,2,A,2019
Slavia Prague,Dortmund,0,2,A,2019
Tottenham,Red Star,5,0,H,2019
Club Brugge,Paris S-G,0,5,A,2019
Juventus,Loko Moscow,2,1,H,2019
Olympiacos,Bayern Munich,2,3,A,2019
Galatasaray,Real Madrid,0,1,A,2019
Manchester City,Atalanta,5,1,H,2019
Shakhtar,Dinamo Zagreb,2,2,D,2019
Juventus,Loko Moscow,2,1,H,2019
Olympiacos,Bayern Munich,2,3,A,2019
Club Brugge,Paris S-G,0,5,A,2019
Manchester City,Atalanta,5,1,H,2019
Tottenham,Red Star,5,0,H,2019
Shakhtar,Dinamo Zagreb,2,2,D,2019
AtlÃ©tico Madrid,Leverkusen,1,0,H,2019
AtlÃ©tico Madrid,Leverkusen,1,0,H,2019
Galatasaray,Real Madrid,0,1,A,2019
Genk,Liverpool,1,4,A,2019
Ajax,Chelsea,0,1,A,2019
RB Leipzig,Zenit,2,1,H,2019
Slavia Prague,Barcelona,1,2,A,2019
Genk,Liverpool,1,4,A,2019
Lille,Valencia,1,1,D,2019
RB Salzburg,Napoli,2,3,A,2019
Inter,Dortmund,2,0,H,2019
Benfica,Lyon,2,1,H,2019
RB Leipzig,Zenit,2,1,H,2019
Ajax,Chelsea,0,1,A,2019
RB Salzburg,Napoli,2,3,A,2019
Benfica,Lyon,2,1,H,2019
Slavia Prague,Barcelona,1,2,A,2019
Lille,Valencia,1,1,D,2019
Inter,Dortmund,2,0,H,2019
Napoli,RB Salzburg,1,1,D,2019
Valencia,Lille,4,1,H,2019
Zenit,RB Leipzig,0,2,A,2019
Chelsea,Ajax,4,4,D,2019
Liverpool,Genk,2,1,H,2019
Barcelona,Slavia Prague,0,0,D,2019
Valencia,Lille,4,1,H,2019
Barcelona,Slavia Prague,0,0,D,2019
Liverpool,Genk,2,1,H,2019
Lyon,Benfica,3,1,H,2019
Chelsea,Ajax,4,4,D,2019
Lyon,Benfica,3,1,H,2019
Dortmund,Inter,3,2,H,2019
Napoli,RB Salzburg,1,1,D,2019
Zenit,RB Leipzig,0,2,A,2019
Dortmund,Inter,3,2,H,2019
Real Madrid,Galatasaray,6,0,H,2019
Loko Moscow,Juventus,1,2,A,2019
Atalanta,Manchester City,1,1,D,2019
Leverkusen,AtlÃ©tico Madrid,2,1,H,2019
Paris S-G,Club Brugge,1,0,H,2019
Red Star,Tottenham,0,4,A,2019
Dinamo Zagreb,Shakhtar,3,3,D,2019
Red Star,Tottenham,0,4,A,2019
Real Madrid,Galatasaray,6,0,H,2019
Paris S-G,Club Brugge,1,0,H,2019
Leverkusen,AtlÃ©tico Madrid,2,1,H,2019
Atalanta,Manchester City,1,1,D,2019
Loko Moscow,Juventus,1,2,A,2019
Bayern Munich,Olympiacos,2,0,H,2019
Bayern Munich,Olympiacos,2,0,H,2019
Dinamo Zagreb,Shakhtar,3,3,D,2019
Red Star,Bayern Munich,0,6,A,2019
Tottenham,Olympiacos,4,2,H,2019
Galatasaray,Club Brugge,1,1,D,2019
Loko Moscow,Leverkusen,0,2,A,2019
Real Madrid,Paris S-G,2,2,D,2019
Juventus,AtlÃ©tico Madrid,1,0,H,2019
Juventus,AtlÃ©tico Madrid,1,0,H,2019
Red Star,Bayern Munich,0,6,A,2019
Real Madrid,Paris S-G,2,2,D,2019
Loko Moscow,Leverkusen,0,2,A,2019
Galatasaray,Club Brugge,1,1,D,2019
Tottenham,Olympiacos,4,2,H,2019
Manchester City,Shakhtar,1,1,D,2019
Atalanta,Dinamo Zagreb,2,0,H,2019
Manchester City,Shakhtar,1,1,D,2019
Atalanta,Dinamo Zagreb,2,0,H,2019
Valencia,Chelsea,2,2,D,2019
Zenit,Lyon,2,0,H,2019
Lille,Ajax,0,2,A,2019
Liverpool,Napoli,1,1,D,2019
Genk,RB Salzburg,1,4,A,2019
Slavia Prague,Inter,1,3,A,2019
Zenit,Lyon,2,0,H,2019
Barcelona,Dortmund,3,1,H,2019
Valencia,Chelsea,2,2,D,2019
Liverpool,Napoli,1,1,D,2019
Genk,RB Salzburg,1,4,A,2019
Slavia Prague,Inter,1,3,A,2019
Lille,Ajax,0,2,A,2019
RB Leipzig,Benfica,2,2,D,2019
Barcelona,Dortmund,3,1,H,2019
RB Leipzig,Benfica,2,2,D,2019
Chelsea,Lille,2,1,H,2019
Dortmund,Slavia Prague,2,1,H,2019
Ajax,Valencia,0,1,A,2019
Lyon,RB Leipzig,2,2,D,2019
Benfica,Zenit,3,0,H,2019
Inter,Barcelona,1,2,A,2019
Napoli,Genk,4,0,H,2019
Dortmund,Slavia Prague,2,1,H,2019
RB Salzburg,Liverpool,0,2,A,2019
Lyon,RB Leipzig,2,2,D,2019
Inter,Barcelona,1,2,A,2019
Chelsea,Lille,2,1,H,2019
Benfica,Zenit,3,0,H,2019
RB Salzburg,Liverpool,0,2,A,2019
Napoli,Genk,4,0,H,2019
Ajax,Valencia,0,1,A,2019
Dinamo Zagreb,Manchester City,1,4,A,2019
Shakhtar,Atalanta,0,3,A,2019
Paris S-G,Galatasaray,5,0,H,2019
AtlÃ©tico Madrid,Loko Moscow,2,0,H,2019
Leverkusen,Juventus,0,2,A,2019
Club Brugge,Real Madrid,1,3,A,2019
Olympiacos,Red Star,1,0,H,2019
Dinamo Zagreb,Manchester City,1,4,A,2019
Bayern Munich,Tottenham,3,1,H,2019
Shakhtar,Atalanta,0,3,A,2019
Paris S-G,Galatasaray,5,0,H,2019
AtlÃ©tico Madrid,Loko Moscow,2,0,H,2019
Leverkusen,Juventus,0,2,A,2019
Club Brugge,Real Madrid,1,3,A,2019
Olympiacos,Red Star,1,0,H,2019
Bayern Munich,Tottenham,3,1,H,2019
Dortmund,Paris S-G,2,1,H,2019
AtlÃ©tico Madrid,Liverpool,1,0,H,2019
Dortmund,Paris S-G,2,1,H,2019
AtlÃ©tico Madrid,Liverpool,1,0,H,2019
Tottenham,RB Leipzig,0,1,A,2019
Atalanta,Valencia,4,1,H,2019
Tottenham,RB Leipzig,0,1,A,2019
Atalanta,Valencia,4,1,H,2019
Napoli,Barcelona,1,1,D,2019
Chelsea,Bayern Munich,0,3,A,2019
Napoli,Barcelona,1,1,D,2019
Chelsea,Bayern Munich,0,3,A,2019
Lyon,Juventus,1,0,H,2019
Lyon,Juventus,1,0,H,2019
Real Madrid,Manchester City,1,2,A,2019
Real Madrid,Manchester City,1,2,A,2019
Valencia,Atalanta,3,4,A,2019
RB Leipzig,Tottenham,3,0,H,2019
RB Leipzig,Tottenham,3,0,H,2019
Valencia,Atalanta,3,4,A,2019
Paris S-G,Dortmund,2,0,H,2019
Liverpool,AtlÃ©tico Madrid,2,3,A,2019
Paris S-G,Dortmund,2,0,H,2019
Liverpool,AtlÃ©tico Madrid,2,3,A,2019
Juventus,Lyon,2,1,H,2019
Manchester City,Real Madrid,2,1,H,2019
Manchester City,Real Madrid,2,1,H,2019
Juventus,Lyon,2,1,H,2019
Bayern Munich,Chelsea,4,1,H,2019
Barcelona,Napoli,3,1,H,2019
Bayern Munich,Chelsea,4,1,H,2019
Barcelona,Napoli,3,1,H,2019
Atalanta,Paris S-G,1,2,A,2019
Atalanta,Paris S-G,1,2,A,2019
RB Leipzig,AtlÃ©tico Madrid,2,1,H,2019
RB Leipzig,AtlÃ©tico Madrid,2,1,H,2019
Barcelona,Bayern Munich,2,8,A,2019
Barcelona,Bayern Munich,2,8,A,2019
Manchester City,Lyon,1,3,A,2019
Manchester City,Lyon,1,3,A,2019
RB Leipzig,Paris S-G,0,3,A,2019
RB Leipzig,Paris S-G,0,3,A,2019
Lyon,Bayern Munich,0,3,A,2019
Lyon,Bayern Munich,0,3,A,2019
Paris S-G,Bayern Munich,0,1,A,2019
Paris S-G,Bayern Munich,0,1,A,2019
Rennes,Krasnodar,1,1,D,2020
Paris S-G,Manchester Utd,1,2,A,2020
Lazio,Dortmund,3,1,H,2020
Chelsea,Sevilla,0,0,D,2020
Dynamo Kyiv,Juventus,0,2,A,2020
Zenit,Club Brugge,1,2,A,2020
RB Leipzig,BaÅakÅehir,2,0,H,2020
Barcelona,FerencvÃ¡ros,5,1,H,2020
Rennes,Krasnodar,1,1,D,2020
RB Leipzig,BaÅakÅehir,2,0,H,2020
Barcelona,FerencvÃ¡ros,5,1,H,2020
Lazio,Dortmund,3,1,H,2020
Chelsea,Sevilla,0,0,D,2020
Dynamo Kyiv,Juventus,0,2,A,2020
Zenit,Club Brugge,1,2,A,2020
Paris S-G,Manchester Utd,1,2,A,2020
Real Madrid,Shakhtar,2,3,A,2020
Midtjylland,Atalanta,0,4,A,2020
Inter,M'Gladbach,2,2,D,2020
Ajax,Liverpool,0,1,A,2020
Ajax,Liverpool,0,1,A,2020
Midtjylland,Atalanta,0,4,A,2020
Olympiacos,Marseille,1,0,H,2020
RB Salzburg,Loko Moscow,2,2,D,2020
Bayern Munich,AtlÃ©tico Madrid,4,0,H,2020
Manchester City,Porto,3,1,H,2020
Bayern Munich,AtlÃ©tico Madrid,4,0,H,2020
Manchester City,Porto,3,1,H,2020
RB Salzburg,Loko Moscow,2,2,D,2020
Real Madrid,Shakhtar,2,3,A,2020
Inter,M'Gladbach,2,2,D,2020
Olympiacos,Marseille,1,0,H,2020
Marseille,Manchester City,0,3,A,2020
Atalanta,Ajax,2,2,D,2020
AtlÃ©tico Madrid,RB Salzburg,3,2,H,2020
M'Gladbach,Real Madrid,2,2,D,2020
Liverpool,Midtjylland,2,0,H,2020
Shakhtar,Inter,0,0,D,2020
Porto,Olympiacos,2,0,H,2020
Liverpool,Midtjylland,2,0,H,2020
Loko Moscow,Bayern Munich,1,2,A,2020
Marseille,Manchester City,0,3,A,2020
Atalanta,Ajax,2,2,D,2020
AtlÃ©tico Madrid,RB Salzburg,3,2,H,2020
M'Gladbach,Real Madrid,2,2,D,2020
Loko Moscow,Bayern Munich,1,2,A,2020
Shakhtar,Inter,0,0,D,2020
Porto,Olympiacos,2,0,H,2020
Sevilla,Rennes,1,0,H,2020
Krasnodar,Chelsea,0,4,A,2020
BaÅakÅehir,Paris S-G,0,2,A,2020
Dortmund,Zenit,2,0,H,2020
Club Brugge,Lazio,1,1,D,2020
FerencvÃ¡ros,Dynamo Kyiv,2,2,D,2020
Juventus,Barcelona,0,2,A,2020
FerencvÃ¡ros,Dynamo Kyiv,2,2,D,2020
Sevilla,Rennes,1,0,H,2020
Club Brugge,Lazio,1,1,D,2020
Dortmund,Zenit,2,0,H,2020
BaÅakÅehir,Paris S-G,0,2,A,2020
Krasnodar,Chelsea,0,4,A,2020
Manchester Utd,RB Leipzig,5,0,H,2020
Manchester Utd,RB Leipzig,5,0,H,2020
Juventus,Barcelona,0,2,A,2020
Loko Moscow,AtlÃ©tico Madrid,1,1,D,2020
Midtjylland,Ajax,1,2,A,2020
RB Salzburg,Bayern Munich,2,6,A,2020
Manchester City,Olympiacos,3,0,H,2020
Porto,Marseille,3,0,H,2020
Shakhtar,M'Gladbach,0,6,A,2020
Real Madrid,Inter,3,2,H,2020
Atalanta,Liverpool,0,5,A,2020
Loko Moscow,AtlÃ©tico Madrid,1,1,D,2020
RB Salzburg,Bayern Munich,2,6,A,2020
Midtjylland,Ajax,1,2,A,2020
Real Madrid,Inter,3,2,H,2020
Atalanta,Liverpool,0,5,A,2020
Manchester City,Olympiacos,3,0,H,2020
Shakhtar,M'Gladbach,0,6,A,2020
Porto,Marseille,3,0,H,2020
BaÅakÅehir,Manchester Utd,2,1,H,2020
FerencvÃ¡ros,Juventus,1,4,A,2020
Club Brugge,Dortmund,0,3,A,2020
Sevilla,Krasnodar,3,2,H,2020
Zenit,Lazio,1,1,D,2020
Chelsea,Rennes,3,0,H,2020
BaÅakÅehir,Manchester Utd,2,1,H,2020
Barcelona,Dynamo Kyiv,2,1,H,2020
Zenit,Lazio,1,1,D,2020
Sevilla,Krasnodar,3,2,H,2020
Club Brugge,Dortmund,0,3,A,2020
FerencvÃ¡ros,Juventus,1,4,A,2020
Barcelona,Dynamo Kyiv,2,1,H,2020
Chelsea,Rennes,3,0,H,2020
RB Leipzig,Paris S-G,2,1,H,2020
RB Leipzig,Paris S-G,2,1,H,2020
Dortmund,Club Brugge,3,0,H,2020
Paris S-G,RB Leipzig,1,0,H,2020
Lazio,Zenit,3,1,H,2020
Krasnodar,Sevilla,1,2,A,2020
Dynamo Kyiv,Barcelona,0,4,A,2020
Manchester Utd,BaÅakÅehir,4,1,H,2020
Juventus,FerencvÃ¡ros,2,1,H,2020
Dortmund,Club Brugge,3,0,H,2020
Juventus,FerencvÃ¡ros,2,1,H,2020
Dynamo Kyiv,Barcelona,0,4,A,2020
Manchester Utd,BaÅakÅehir,4,1,H,2020
Krasnodar,Sevilla,1,2,A,2020
Lazio,Zenit,3,1,H,2020
Paris S-G,RB Leipzig,1,0,H,2020
Inter,Real Madrid,0,2,A,2020
Ajax,Midtjylland,3,1,H,2020
Olympiacos,Manchester City,0,1,A,2020
M'Gladbach,Shakhtar,4,0,H,2020
Marseille,Porto,0,2,A,2020
Liverpool,Atalanta,0,2,A,2020
Bayern Munich,RB Salzburg,3,1,H,2020
AtlÃ©tico Madrid,Loko Moscow,0,0,D,2020
Ajax,Midtjylland,3,1,H,2020
Inter,Real Madrid,0,2,A,2020
Marseille,Porto,0,2,A,2020
Liverpool,Atalanta,0,2,A,2020
Olympiacos,Manchester City,0,1,A,2020
M'Gladbach,Shakhtar,4,0,H,2020
AtlÃ©tico Madrid,Loko Moscow,0,0,D,2020
Bayern Munich,RB Salzburg,3,1,H,2020
AtlÃ©tico Madrid,Bayern Munich,1,1,D,2020
Liverpool,Ajax,1,0,H,2020
Porto,Manchester City,0,0,D,2020
Loko Moscow,RB Salzburg,1,3,A,2020
Marseille,Olympiacos,2,1,H,2020
Atalanta,Midtjylland,1,1,D,2020
M'Gladbach,Inter,2,3,A,2020
AtlÃ©tico Madrid,Bayern Munich,1,1,D,2020
M'Gladbach,Inter,2,3,A,2020
Atalanta,Midtjylland,1,1,D,2020
Marseille,Olympiacos,2,1,H,2020
Loko Moscow,RB Salzburg,1,3,A,2020
Porto,Manchester City,0,0,D,2020
Liverpool,Ajax,1,0,H,2020
Shakhtar,Real Madrid,2,0,H,2020
Shakhtar,Real Madrid,2,0,H,2020
Dortmund,Lazio,1,1,D,2020
Dortmund,Lazio,1,1,D,2020
BaÅakÅehir,RB Leipzig,3,4,A,2020
Club Brugge,Zenit,3,0,H,2020
Juventus,Dynamo Kyiv,3,0,H,2020
FerencvÃ¡ros,Barcelona,0,3,A,2020
FerencvÃ¡ros,Barcelona,0,3,A,2020
Sevilla,Chelsea,0,4,A,2020
Krasnodar,Rennes,1,0,H,2020
BaÅakÅehir,RB Leipzig,3,4,A,2020
Club Brugge,Zenit,3,0,H,2020
Juventus,Dynamo Kyiv,3,0,H,2020
Krasnodar,Rennes,1,0,H,2020
Sevilla,Chelsea,0,4,A,2020
Zenit,Dortmund,1,2,A,2020
Chelsea,Krasnodar,1,1,D,2020
Dynamo Kyiv,FerencvÃ¡ros,1,0,H,2020
RB Leipzig,Manchester Utd,3,2,H,2020
Rennes,Sevilla,1,3,A,2020
Lazio,Club Brugge,2,2,D,2020
Zenit,Dortmund,1,2,A,2020
Barcelona,Juventus,0,3,A,2020
Lazio,Club Brugge,2,2,D,2020
Dynamo Kyiv,FerencvÃ¡ros,1,0,H,2020
RB Leipzig,Manchester Utd,3,2,H,2020
Rennes,Sevilla,1,3,A,2020
Barcelona,Juventus,0,3,A,2020
Chelsea,Krasnodar,1,1,D,2020
Ajax,Atalanta,0,1,A,2020
Paris S-G,BaÅakÅehir,5,1,H,2020
Midtjylland,Liverpool,1,1,D,2020
Manchester City,Marseille,3,0,H,2020
Real Madrid,M'Gladbach,2,0,H,2020
Inter,Shakhtar,0,0,D,2020
RB Salzburg,AtlÃ©tico Madrid,0,2,A,2020
Olympiacos,Porto,0,2,A,2020
Inter,Shakhtar,0,0,D,2020
RB Salzburg,AtlÃ©tico Madrid,0,2,A,2020
Bayern Munich,Loko Moscow,2,0,H,2020
Real Madrid,M'Gladbach,2,0,H,2020
Manchester City,Marseille,3,0,H,2020
Midtjylland,Liverpool,1,1,D,2020
Paris S-G,BaÅakÅehir,5,1,H,2020
Ajax,Atalanta,0,1,A,2020
Bayern Munich,Loko Moscow,2,0,H,2020
Olympiacos,Porto,0,2,A,2020
Barcelona,Paris S-G,1,4,A,2020
Barcelona,Paris S-G,1,4,A,2020
Sevilla,Dortmund,2,3,A,2020
Sevilla,Dortmund,2,3,A,2020
Porto,Juventus,2,1,H,2020
Porto,Juventus,2,1,H,2020
Lazio,Bayern Munich,1,4,A,2020
Lazio,Bayern Munich,1,4,A,2020
AtlÃ©tico Madrid,Chelsea,0,1,A,2020
AtlÃ©tico Madrid,Chelsea,0,1,A,2020
M'Gladbach,Manchester City,0,2,A,2020
Atalanta,Real Madrid,0,1,A,2020
Atalanta,Real Madrid,0,1,A,2020
M'Gladbach,Manchester City,0,2,A,2020
Dortmund,Sevilla,2,2,D,2020
Juventus,Porto,3,2,H,2020
Juventus,Porto,3,2,H,2020
Dortmund,Sevilla,2,2,D,2020
Liverpool,RB Leipzig,2,0,H,2020
Paris S-G,Barcelona,1,1,D,2020
Liverpool,RB Leipzig,2,0,H,2020
Paris S-G,Barcelona,1,1,D,2020
Real Madrid,Atalanta,3,1,H,2020
Manchester City,M'Gladbach,2,0,H,2020
Real Madrid,Atalanta,3,1,H,2020
Manchester City,M'Gladbach,2,0,H,2020
Bayern Munich,Lazio,2,1,H,2020
Chelsea,AtlÃ©tico Madrid,2,0,H,2020
Chelsea,AtlÃ©tico Madrid,2,0,H,2020
Bayern Munich,Lazio,2,1,H,2020
Real Madrid,Liverpool,3,1,H,2020
Manchester City,Dortmund,2,1,H,2020
Real Madrid,Liverpool,3,1,H,2020
Manchester City,Dortmund,2,1,H,2020
Bayern Munich,Paris S-G,2,3,A,2020
Porto,Chelsea,0,2,A,2020
Porto,Chelsea,0,2,A,2020
Bayern Munich,Paris S-G,2,3,A,2020
Paris S-G,Bayern Munich,0,1,A,2020
Chelsea,Porto,0,1,A,2020
Paris S-G,Bayern Munich,0,1,A,2020
Chelsea,Porto,0,1,A,2020
Dortmund,Manchester City,1,2,A,2020
Liverpool,Real Madrid,0,0,D,2020
Dortmund,Manchester City,1,2,A,2020
Liverpool,Real Madrid,0,0,D,2020
Real Madrid,Chelsea,1,1,D,2020
Real Madrid,Chelsea,1,1,D,2020
Paris S-G,Manchester City,1,2,A,2020
Paris S-G,Manchester City,1,2,A,2020
Manchester City,Paris S-G,2,0,H,2020
Manchester City,Paris S-G,2,0,H,2020
Chelsea,Real Madrid,2,0,H,2020
Chelsea,Real Madrid,2,0,H,2020
Manchester City,Chelsea,0,1,A,2020
Manchester City,Chelsea,0,1,A,2020
Sevilla,RB Salzburg,1,1,D,2021
Chelsea,Zenit,1,0,H,2021
Young Boys,Manchester Utd,2,1,H,2021
Sevilla,RB Salzburg,1,1,D,2021
Dynamo Kyiv,Benfica,0,0,D,2021
MalmÃ¶,Juventus,0,3,A,2021
Lille,Wolfsburg,0,0,D,2021
Villarreal,Atalanta,2,2,D,2021
Villarreal,Atalanta,2,2,D,2021
Chelsea,Zenit,1,0,H,2021
Young Boys,Manchester Utd,2,1,H,2021
Dynamo Kyiv,Benfica,0,0,D,2021
MalmÃ¶,Juventus,0,3,A,2021
Lille,Wolfsburg,0,0,D,2021
Barcelona,Bayern Munich,0,3,A,2021
Barcelona,Bayern Munich,0,3,A,2021
Sporting CP,Ajax,1,5,A,2021
Sheriff Tiraspol,Shakhtar,2,0,H,2021
BeÅiktaÅ,Dortmund,1,2,A,2021
Manchester City,RB Leipzig,6,3,H,2021
Club Brugge,Paris S-G,1,1,D,2021
Inter,Real Madrid,0,1,A,2021
AtlÃ©tico Madrid,Porto,0,0,D,2021
AtlÃ©tico Madrid,Porto,0,0,D,2021
Club Brugge,Paris S-G,1,1,D,2021
Inter,Real Madrid,0,1,A,2021
Liverpool,Milan,3,2,H,2021
Manchester City,RB Leipzig,6,3,H,2021
Sporting CP,Ajax,1,5,A,2021
BeÅiktaÅ,Dortmund,1,2,A,2021
Sheriff Tiraspol,Shakhtar,2,0,H,2021
Liverpool,Milan,3,2,H,2021
RB Leipzig,Club Brugge,1,2,A,2021
Dortmund,Sporting CP,1,0,H,2021
Real Madrid,Sheriff Tiraspol,1,2,A,2021
Porto,Liverpool,1,5,A,2021
Shakhtar,Inter,0,0,D,2021
Ajax,BeÅiktaÅ,2,0,H,2021
Paris S-G,Manchester City,2,0,H,2021
Milan,AtlÃ©tico Madrid,1,2,A,2021
Ajax,BeÅiktaÅ,2,0,H,2021
Real Madrid,Sheriff Tiraspol,1,2,A,2021
Shakhtar,Inter,0,0,D,2021
Milan,AtlÃ©tico Madrid,1,2,A,2021
Paris S-G,Manchester City,2,0,H,2021
Porto,Liverpool,1,5,A,2021
Dortmund,Sporting CP,1,0,H,2021
RB Leipzig,Club Brugge,1,2,A,2021
Juventus,Chelsea,1,0,H,2021
RB Salzburg,Lille,2,1,H,2021
Benfica,Barcelona,3,0,H,2021
Manchester Utd,Villarreal,2,1,H,2021
Zenit,MalmÃ¶,4,0,H,2021
Atalanta,Young Boys,1,0,H,2021
Bayern Munich,Dynamo Kyiv,5,0,H,2021
Atalanta,Young Boys,1,0,H,2021
Zenit,MalmÃ¶,4,0,H,2021
Manchester Utd,Villarreal,2,1,H,2021
Benfica,Barcelona,3,0,H,2021
RB Salzburg,Lille,2,1,H,2021
Juventus,Chelsea,1,0,H,2021
Bayern Munich,Dynamo Kyiv,5,0,H,2021
Wolfsburg,Sevilla,1,1,D,2021
Wolfsburg,Sevilla,1,1,D,2021
BeÅiktaÅ,Sporting CP,1,4,A,2021
Porto,Milan,1,0,H,2021
BeÅiktaÅ,Sporting CP,1,4,A,2021
Porto,Milan,1,0,H,2021
AtlÃ©tico Madrid,Liverpool,2,3,A,2021
Inter,Sheriff Tiraspol,3,1,H,2021
Paris S-G,RB Leipzig,3,2,H,2021
Ajax,Dortmund,4,0,H,2021
Shakhtar,Real Madrid,0,5,A,2021
Ajax,Dortmund,4,0,H,2021
Paris S-G,RB Leipzig,3,2,H,2021
Inter,Sheriff Tiraspol,3,1,H,2021
AtlÃ©tico Madrid,Liverpool,2,3,A,2021
Club Brugge,Manchester City,1,5,A,2021
Club Brugge,Manchester City,1,5,A,2021
Shakhtar,Real Madrid,0,5,A,2021
Zenit,Juventus,0,1,A,2021
Barcelona,Dynamo Kyiv,1,0,H,2021
RB Salzburg,Wolfsburg,3,1,H,2021
Barcelona,Dynamo Kyiv,1,0,H,2021
Manchester Utd,Atalanta,3,2,H,2021
Benfica,Bayern Munich,0,4,A,2021
Chelsea,MalmÃ¶,4,0,H,2021
Lille,Sevilla,0,0,D,2021
Young Boys,Villarreal,1,4,A,2021
RB Salzburg,Wolfsburg,3,1,H,2021
Zenit,Juventus,0,1,A,2021
Young Boys,Villarreal,1,4,A,2021
Lille,Sevilla,0,0,D,2021
Chelsea,MalmÃ¶,4,0,H,2021
Benfica,Bayern Munich,0,4,A,2021
Manchester Utd,Atalanta,3,2,H,2021
Bayern Munich,Benfica,5,2,H,2021
Villarreal,Young Boys,2,0,H,2021
MalmÃ¶,Chelsea,0,1,A,2021
Atalanta,Manchester Utd,2,2,D,2021
Sevilla,Lille,1,2,A,2021
Juventus,Zenit,4,2,H,2021
Atalanta,Manchester Utd,2,2,D,2021
Villarreal,Young Boys,2,0,H,2021
Sevilla,Lille,1,2,A,2021
Dynamo Kyiv,Barcelona,0,1,A,2021
Bayern Munich,Benfica,5,2,H,2021
Juventus,Zenit,4,2,H,2021
MalmÃ¶,Chelsea,0,1,A,2021
Dynamo Kyiv,Barcelona,0,1,A,2021
Liverpool,AtlÃ©tico Madrid,2,0,H,2021
Real Madrid,Shakhtar,2,1,H,2021
Milan,Porto,1,1,D,2021
RB Leipzig,Paris S-G,2,2,D,2021
Dortmund,Ajax,1,3,A,2021
Sheriff Tiraspol,Inter,1,3,A,2021
Sporting CP,BeÅiktaÅ,4,0,H,2021
Manchester City,Club Brugge,4,1,H,2021
Milan,Porto,1,1,D,2021
Liverpool,AtlÃ©tico Madrid,2,0,H,2021
Real Madrid,Shakhtar,2,1,H,2021
Manchester City,Club Brugge,4,1,H,2021
Sporting CP,BeÅiktaÅ,4,0,H,2021
RB Leipzig,Paris S-G,2,2,D,2021
Dortmund,Ajax,1,3,A,2021
Sheriff Tiraspol,Inter,1,3,A,2021
Young Boys,Atalanta,3,3,D,2021
Sevilla,Wolfsburg,2,0,H,2021
MalmÃ¶,Zenit,1,1,D,2021
Chelsea,Juventus,4,0,H,2021
Dynamo Kyiv,Bayern Munich,1,2,A,2021
Villarreal,Manchester Utd,0,2,A,2021
Villarreal,Manchester Utd,0,2,A,2021
Barcelona,Benfica,0,0,D,2021
Chelsea,Juventus,4,0,H,2021
Barcelona,Benfica,0,0,D,2021
Lille,RB Salzburg,1,0,H,2021
Lille,RB Salzburg,1,0,H,2021
Young Boys,Atalanta,3,3,D,2021
Sevilla,Wolfsburg,2,0,H,2021
MalmÃ¶,Zenit,1,1,D,2021
Dynamo Kyiv,Bayern Munich,1,2,A,2021
BeÅiktaÅ,Ajax,1,2,A,2021
AtlÃ©tico Madrid,Milan,0,1,A,2021
Club Brugge,RB Leipzig,0,5,A,2021
Manchester City,Paris S-G,2,1,H,2021
Sporting CP,Dortmund,3,1,H,2021
Liverpool,Porto,2,0,H,2021
Sheriff Tiraspol,Real Madrid,0,3,A,2021
AtlÃ©tico Madrid,Milan,0,1,A,2021
Club Brugge,RB Leipzig,0,5,A,2021
Sheriff Tiraspol,Real Madrid,0,3,A,2021
Manchester City,Paris S-G,2,1,H,2021
Sporting CP,Dortmund,3,1,H,2021
BeÅiktaÅ,Ajax,1,2,A,2021
Liverpool,Porto,2,0,H,2021
Ajax,Sporting CP,4,2,H,2021
RB Leipzig,Manchester City,2,1,H,2021
Paris S-G,Club Brugge,4,1,H,2021
RB Leipzig,Manchester City,2,1,H,2021
Porto,AtlÃ©tico Madrid,1,3,A,2021
Real Madrid,Inter,2,0,H,2021
Dortmund,BeÅiktaÅ,5,0,H,2021
Ajax,Sporting CP,4,2,H,2021
Milan,Liverpool,1,2,A,2021
Paris S-G,Club Brugge,4,1,H,2021
Shakhtar,Sheriff Tiraspol,1,1,D,2021
Shakhtar,Sheriff Tiraspol,1,1,D,2021
Milan,Liverpool,1,2,A,2021
Dortmund,BeÅiktaÅ,5,0,H,2021
Real Madrid,Inter,2,0,H,2021
Porto,AtlÃ©tico Madrid,1,3,A,2021
Benfica,Dynamo Kyiv,2,0,H,2021
Zenit,Chelsea,3,3,D,2021
Juventus,MalmÃ¶,1,0,H,2021
Manchester Utd,Young Boys,1,1,D,2021
Wolfsburg,Lille,1,3,A,2021
Bayern Munich,Barcelona,3,0,H,2021
RB Salzburg,Sevilla,1,0,H,2021
RB Salzburg,Sevilla,1,0,H,2021
Bayern Munich,Barcelona,3,0,H,2021
Wolfsburg,Lille,1,3,A,2021
Juventus,MalmÃ¶,1,0,H,2021
Zenit,Chelsea,3,3,D,2021
Manchester Utd,Young Boys,1,1,D,2021
Benfica,Dynamo Kyiv,2,0,H,2021
Atalanta,Villarreal,2,3,A,2021
Atalanta,Villarreal,2,3,A,2021
Sporting CP,Manchester City,0,5,A,2021
Sporting CP,Manchester City,0,5,A,2021
Inter,Liverpool,0,2,A,2021
RB Salzburg,Bayern Munich,1,1,D,2021
RB Salzburg,Bayern Munich,1,1,D,2021
Inter,Liverpool,0,2,A,2021
Chelsea,Lille,2,0,H,2021
Villarreal,Juventus,1,1,D,2021
Chelsea,Lille,2,0,H,2021
Villarreal,Juventus,1,1,D,2021
Benfica,Ajax,2,2,D,2021
AtlÃ©tico Madrid,Manchester Utd,1,1,D,2021
Benfica,Ajax,2,2,D,2021
AtlÃ©tico Madrid,Manchester Utd,1,1,D,2021
Bayern Munich,RB Salzburg,7,1,H,2021
Bayern Munich,RB Salzburg,7,1,H,2021
Liverpool,Inter,0,1,A,2021
Liverpool,Inter,0,1,A,2021
Manchester City,Sporting CP,0,0,D,2021
Real Madrid,Paris S-G,3,1,H,2021
Real Madrid,Paris S-G,3,1,H,2021
Manchester City,Sporting CP,0,0,D,2021
Manchester Utd,AtlÃ©tico Madrid,0,1,A,2021
Manchester Utd,AtlÃ©tico Madrid,0,1,A,2021
Ajax,Benfica,0,1,A,2021
Ajax,Benfica,0,1,A,2021
Lille,Chelsea,1,2,A,2021
Juventus,Villarreal,0,3,A,2021
Lille,Chelsea,1,2,A,2021
Juventus,Villarreal,0,3,A,2021
Benfica,Liverpool,1,3,A,2021
Manchester City,AtlÃ©tico Madrid,1,0,H,2021
Manchester City,AtlÃ©tico Madrid,1,0,H,2021
Benfica,Liverpool,1,3,A,2021
Chelsea,Real Madrid,1,3,A,2021
Villarreal,Bayern Munich,1,0,H,2021
Villarreal,Bayern Munich,1,0,H,2021
Chelsea,Real Madrid,1,3,A,2021
Real Madrid,Chelsea,2,3,A,2021
Bayern Munich,Villarreal,1,1,D,2021
Bayern Munich,Villarreal,1,1,D,2021
Real Madrid,Chelsea,2,3,A,2021
Liverpool,Benfica,3,3,D,2021
AtlÃ©tico Madrid,Manchester City,0,0,D,2021
Liverpool,Benfica,3,3,D,2021
AtlÃ©tico Madrid,Manchester City,0,0,D,2021
Manchester City,Real Madrid,4,3,H,2021
Manchester City,Real Madrid,4,3,H,2021
Liverpool,Villarreal,2,0,H,2021
Liverpool,Villarreal,2,0,H,2021
Villarreal,Liverpool,2,3,A,2021
Villarreal,Liverpool,2,3,A,2021
Real Madrid,Manchester City,3,1,H,2021
Real Madrid,Manchester City,3,1,H,2021
Liverpool,Real Madrid,0,1,A,2021
Liverpool,Real Madrid,0,1,A,2021
